Card,Gen,n_held,n_played,rate,rate_all,played_mean,played_all,rel_delta,se,log_rr,score
AI Central,1,16805,514,0.0306,0.2844,3.9268,0.2944,3.6324,0.3296,-2.2297,2.3600
AI Central,2,23151,1643,0.0710,0.2194,3.7435,0.2283,3.5152,0.1875,-1.1289,2.8710
AI Central,3,28337,4024,0.1420,0.2123,3.3997,0.2606,3.1392,0.1244,-0.4019,2.9098
AI Central,4,31329,6653,0.2124,0.2136,2.9009,0.2770,2.6239,0.0969,-0.0056,2.6207
AI Central,5,31748,8744,0.2754,0.2196,2.3521,0.2811,2.0710,0.0851,0.2266,2.2003
AI Central,6,30192,10095,0.3344,0.2281,1.7050,0.3350,1.3700,0.0786,0.3825,1.5883
AI Central,7,27245,10559,0.3876,0.2441,1.0750,0.3433,0.7318,0.0768,0.4623,0.9956
AI Central,8,23605,10490,0.4444,0.2703,0.7681,0.3893,0.3788,0.0771,0.4971,0.6625
AI Central,9,18985,9138,0.4813,0.2986,0.3219,0.4068,-0.0849,0.0839,0.4775,0.1876
AI Central,10,13725,6483,0.4723,0.3230,0.2147,0.3722,-0.1575,0.0985,0.3801,0.0595
AI Central,11,7680,3626,0.4721,0.3446,0.1280,0.3932,-0.2652,0.1389,0.3150,-0.0854
AI Central,12,2942,1512,0.5139,0.3589,0.1309,0.4260,-0.2951,0.2248,0.3591,-0.0902
Acquired Company,1,17250,13347,0.7737,0.2844,0.6404,0.2944,0.3460,0.0681,1.0010,0.9172
Acquired Company,2,10654,8089,0.7592,0.2194,0.4282,0.2283,0.1998,0.0872,1.2412,0.9082
Acquired Company,3,9255,6856,0.7408,0.2123,0.2618,0.2606,0.0012,0.0944,1.2500,0.7145
Acquired Company,4,8800,6162,0.7002,0.2136,0.2531,0.2770,-0.0239,0.0999,1.1875,0.6538
Acquired Company,5,8622,5495,0.6373,0.2196,0.1531,0.2811,-0.1281,0.1057,1.0656,0.4800
Acquired Company,6,8694,4958,0.5703,0.2281,-0.2893,0.3350,-0.6243,0.1078,0.9164,-0.1013
Acquired Company,7,8864,4415,0.4981,0.2441,-0.0684,0.3433,-0.4117,0.1111,0.7132,-0.0047
Acquired Company,8,9313,3869,0.4154,0.2703,0.1661,0.3893,-0.2232,0.1178,0.4297,0.0220
Acquired Company,9,9571,3124,0.3264,0.2986,0.1810,0.4068,-0.2259,0.1313,0.0891,-0.1750
Acquired Company,10,9287,2091,0.2252,0.3230,0.1326,0.3722,-0.2397,0.1584,-0.3608,-0.4456
Acquired Company,11,6984,1120,0.1604,0.3446,-0.2694,0.3932,-0.6626,0.2241,-0.7648,-1.0991
Acquired Company,12,3335,400,0.1199,0.3589,0.6276,0.4260,0.2016,0.3765,-1.0960,-0.4238
Adaptation Technology,1,8540,516,0.0604,0.2844,-0.6554,0.2944,-0.9498,0.2789,-1.5489,-1.8337
Adaptation Technology,2,12339,1123,0.0910,0.2194,-0.6767,0.2283,-0.9050,0.2115,-0.8801,-1.4073
Adaptation Technology,3,15721,1851,0.1177,0.2123,-0.2195,0.2606,-0.4801,0.1835,-0.5893,-0.8164
Adaptation Technology,4,18429,2551,0.1384,0.2136,-0.0574,0.2770,-0.3344,0.1522,-0.4336,-0.5818
Adaptation Technology,5,20817,3399,0.1633,0.2196,-0.1760,0.2811,-0.4572,0.1362,-0.2962,-0.6262
Adaptation Technology,6,22440,4020,0.1791,0.2281,0.2234,0.3350,-0.1116,0.1275,-0.2415,-0.2495
Adaptation Technology,7,23593,4605,0.1952,0.2441,-0.0436,0.3433,-0.3869,0.1173,-0.2236,-0.5145
Adaptation Technology,8,23952,5012,0.2093,0.2703,0.2117,0.3893,-0.1777,0.1150,-0.2561,-0.3238
Adaptation Technology,9,22882,4921,0.2151,0.2986,0.1958,0.4068,-0.2111,0.1135,-0.3281,-0.3983
Adaptation Technology,10,19950,4093,0.2052,0.3230,0.1322,0.3722,-0.2400,0.1272,-0.4538,-0.4990
Adaptation Technology,11,13725,3097,0.2256,0.3446,0.4265,0.3932,0.0332,0.1508,-0.4233,-0.2083
Adaptation Technology,12,5900,1533,0.2598,0.3589,-0.0132,0.4260,-0.4391,0.2265,-0.3230,-0.6234
Adapted Lichen,1,12526,5025,0.4012,0.2844,-0.6458,0.2944,-0.9402,0.1076,0.3441,-0.7438
Adapted Lichen,2,12011,4364,0.3633,0.2194,-0.2507,0.2283,-0.4790,0.1212,0.5042,-0.1913
Adapted Lichen,3,12167,4164,0.3422,0.2123,-0.4451,0.2606,-0.7057,0.1197,0.4777,-0.4331
Adapted Lichen,4,12519,4045,0.3231,0.2136,-0.2611,0.2770,-0.5381,0.1198,0.4141,-0.3018
Adapted Lichen,5,12927,3776,0.2921,0.2196,-0.0705,0.2811,-0.3517,0.1307,0.2854,-0.1888
Adapted Lichen,6,13869,3913,0.2821,0.2281,-0.2406,0.3350,-0.5756,0.1191,0.2127,-0.4542
Adapted Lichen,7,14644,3922,0.2678,0.2441,0.2776,0.3433,-0.0657,0.1239,0.0928,-0.0127
Adapted Lichen,8,15292,4293,0.2807,0.2703,0.3074,0.3893,-0.0820,0.1158,0.0378,-0.0604
Adapted Lichen,9,15038,3972,0.2641,0.2986,0.3729,0.4068,-0.0339,0.1223,-0.1226,-0.1038
Adapted Lichen,10,13585,3213,0.2365,0.3230,0.1422,0.3722,-0.2300,0.1368,-0.3116,-0.4079
Adapted Lichen,11,9595,2032,0.2118,0.3446,0.0917,0.3932,-0.3015,0.1696,-0.4867,-0.5793
Adapted Lichen,12,4299,835,0.1942,0.3589,0.0288,0.4260,-0.3971,0.2905,-0.6139,-0.7475
Advanced Alloys,1,17000,6806,0.4004,0.2844,1.7320,0.2944,1.4376,0.0968,0.3421,1.6328
Advanced Alloys,2,16856,7558,0.4484,0.2194,1.2593,0.2283,1.0310,0.0916,0.7145,1.4387
Advanced Alloys,3,16053,8095,0.5043,0.2123,1.2429,0.2606,0.9823,0.0882,0.8653,1.4761
Advanced Alloys,4,14922,8223,0.5511,0.2136,1.1100,0.2770,0.8330,0.0865,0.9480,1.3740
Advanced Alloys,5,13957,8218,0.5888,0.2196,0.8147,0.2811,0.5336,0.0870,0.9864,1.0965
Advanced Alloys,6,13118,8106,0.6179,0.2281,0.5865,0.3350,0.2515,0.0851,0.9967,0.8202
Advanced Alloys,7,12279,7881,0.6418,0.2441,0.5682,0.3433,0.2250,0.0876,0.9668,0.7767
Advanced Alloys,8,11816,7909,0.6693,0.2703,0.4467,0.3893,0.0574,0.0873,0.9066,0.5748
Advanced Alloys,9,10874,7339,0.6749,0.2986,0.2914,0.4068,-0.1155,0.0927,0.8156,0.3500
Advanced Alloys,10,9253,5991,0.6475,0.3230,0.1659,0.3722,-0.2063,0.1042,0.6954,0.1906
Advanced Alloys,11,6095,3748,0.6149,0.3446,0.3702,0.3932,-0.0230,0.1303,0.5793,0.3076
Advanced Alloys,12,2559,1553,0.6069,0.3589,0.4373,0.4260,0.0114,0.2228,0.5253,0.3112
Advanced Ecosystems,1,14433,2,0.0001,0.2844,-2.0013,0.2944,-2.2957,0.4408,-7.6266,-6.6481
Advanced Ecosystems,2,20298,4,0.0002,0.2194,0.5159,0.2283,0.2875,1.1583,-7.0153,-3.7160
Advanced Ecosystems,3,26440,14,0.0005,0.2123,1.6950,0.2606,1.4345,1.6516,-5.9936,-1.9860
Advanced Ecosystems,4,32944,60,0.0018,0.2136,0.3969,0.2770,0.1199,1.1717,-4.7644,-2.5991
Advanced Ecosystems,5,39819,148,0.0037,0.2196,0.6959,0.2811,0.4147,0.5967,-4.0788,-1.9130
Advanced Ecosystems,6,47043,379,0.0081,0.2281,0.3921,0.3350,0.0571,0.4032,-3.3432,-1.8508
Advanced Ecosystems,7,54187,768,0.0142,0.2441,0.9060,0.3433,0.5628,0.2490,-2.8462,-1.0615
Advanced Ecosystems,8,60400,1841,0.0305,0.2703,0.9444,0.3893,0.5551,0.1796,-2.1826,-0.6905
Advanced Ecosystems,9,63774,5461,0.0856,0.2986,0.7330,0.4068,0.3262,0.1115,-1.2490,-0.3866
Advanced Ecosystems,10,58845,12842,0.2182,0.3230,0.5227,0.3722,0.1505,0.0745,-0.3921,-0.0732
Advanced Ecosystems,11,40399,16668,0.4126,0.3446,0.4041,0.3932,0.0108,0.0666,0.1802,0.1137
Advanced Ecosystems,12,16508,9180,0.5561,0.3589,0.3527,0.4260,-0.0732,0.0909,0.4380,0.1767
Aerobraked Ammonia Asteroid,1,6273,1019,0.1624,0.2844,-0.3871,0.2944,-0.6815,0.2444,-0.5599,-1.0010
Aerobraked Ammonia Asteroid,2,7495,819,0.1093,0.2194,0.2398,0.2283,0.0114,0.2672,-0.6973,-0.3865
Aerobraked Ammonia Asteroid,3,8951,970,0.1084,0.2123,-0.4984,0.2606,-0.7590,0.2399,-0.6722,-1.1426
Aerobraked Ammonia Asteroid,4,10517,1139,0.1083,0.2136,-1.0879,0.2770,-1.3649,0.2077,-0.6790,-1.7524
Aerobraked Ammonia Asteroid,5,12004,1183,0.0986,0.2196,-0.8105,0.2811,-1.0916,0.2127,-0.8011,-1.5488
Aerobraked Ammonia Asteroid,6,13621,1293,0.0949,0.2281,-0.4557,0.3350,-0.7907,0.2086,-0.8766,-1.2910
Aerobraked Ammonia Asteroid,7,15473,1501,0.0970,0.2441,-0.3938,0.3433,-0.7370,0.1814,-0.9228,-1.2636
Aerobraked Ammonia Asteroid,8,17088,1705,0.0998,0.2703,-0.0893,0.3893,-0.4786,0.1813,-0.9967,-1.0474
Aerobraked Ammonia Asteroid,9,18073,1781,0.0985,0.2986,-0.1598,0.4068,-0.5667,0.1737,-1.1085,-1.1993
Aerobraked Ammonia Asteroid,10,17229,1461,0.0848,0.3230,-0.0757,0.3722,-0.4479,0.2082,-1.3373,-1.2111
Aerobraked Ammonia Asteroid,11,12887,958,0.0743,0.3446,0.4984,0.3932,0.1052,0.2670,-1.5336,-0.7700
Aerobraked Ammonia Asteroid,12,6052,465,0.0768,0.3589,0.4476,0.4260,0.0217,0.3773,-1.5413,-0.8579
Algae,1,15929,695,0.0436,0.2844,-0.1915,0.2944,-0.4859,0.3057,-1.8745,-1.5556
Algae,2,21415,442,0.0206,0.2194,0.9083,0.2283,0.6799,0.3853,-2.3639,-0.6691
Algae,3,27393,1268,0.0463,0.2123,0.9640,0.2606,0.7034,0.2182,-1.5229,-0.1657
Algae,4,32889,2518,0.0766,0.2136,0.7349,0.2770,0.4579,0.1588,-1.0258,-0.1275
Algae,5,37245,4399,0.1181,0.2196,0.7062,0.2811,0.4251,0.1251,-0.6201,0.0712
Algae,6,40209,6551,0.1629,0.2281,0.6445,0.3350,0.3095,0.1002,-0.3364,0.1175
Algae,7,41135,9643,0.2344,0.2441,0.1963,0.3433,-0.1469,0.0820,-0.0404,-0.1700
Algae,8,39129,13549,0.3463,0.2703,0.4711,0.3893,0.0817,0.0705,0.2475,0.2230
Algae,9,32114,14630,0.4556,0.2986,0.2492,0.4068,-0.1577,0.0670,0.4225,0.0835
Algae,10,21690,11278,0.5200,0.3230,0.0367,0.3722,-0.3355,0.0752,0.4761,-0.0638
Algae,11,11485,5998,0.5222,0.3446,0.0438,0.3932,-0.3494,0.1044,0.4159,-0.1121
Algae,12,4243,2163,0.5098,0.3589,-0.1182,0.4260,-0.5442,0.1743,0.3510,-0.3439
Allied Bank,1,31669,19633,0.6199,0.2844,0.1326,0.2944,-0.1617,0.0566,0.7794,0.2830
Allied Bank,2,12038,2,0.0002,0.2194,2.6453,0.2283,2.4169,7.3122,-7.1860,-1.6840
Allied Bank,3,12036,0,0.0000,0.2123,,0.2606,,,,
Allied Bank,4,12036,0,0.0000,0.2136,,0.2770,,,,
Allied Bank,5,12034,0,0.0000,0.2196,,0.2811,,,,
Allied Bank,6,12028,0,0.0000,0.2281,,0.3350,,,,
Allied Bank,7,11972,0,0.0000,0.2441,,0.3433,,,,
Allied Bank,8,11755,0,0.0000,0.2703,,0.3893,,,,
Allied Bank,9,11153,0,0.0000,0.2986,,0.4068,,,,
Allied Bank,10,9706,0,0.0000,0.3230,,0.3722,,,,
Allied Bank,11,6557,0,0.0000,0.3446,,0.3932,,,,
Allied Bank,12,2697,0,0.0000,0.3589,,0.4260,,,,
Anti-Gravity Technology,1,15489,0,0.0000,0.2844,,0.2944,,,,
Anti-Gravity Technology,2,21781,9,0.0004,0.2194,3.0104,0.2283,2.7821,3.0545,-6.2749,-0.7990
Anti-Gravity Technology,3,28163,77,0.0027,0.2123,3.2612,0.2606,3.0006,0.8505,-4.3520,0.5170
Anti-Gravity Technology,4,34711,489,0.0141,0.2136,3.5216,0.2770,3.2446,0.3541,-2.7186,1.6931
Anti-Gravity Technology,5,41158,1968,0.0478,0.2196,3.1295,0.2811,2.8484,0.1629,-1.5244,1.9785
Anti-Gravity Technology,6,46115,4717,0.1023,0.2281,2.7424,0.3350,2.4073,0.1112,-0.8019,1.9497
Anti-Gravity Technology,7,48431,8741,0.1805,0.2441,2.2184,0.3433,1.8752,0.0839,-0.3019,1.7029
Anti-Gravity Technology,8,46511,12842,0.2761,0.2703,1.6307,0.3893,1.2414,0.0694,0.0211,1.2535
Anti-Gravity Technology,9,39285,14396,0.3665,0.2986,1.0960,0.4068,0.6892,0.0666,0.2049,0.8061
Anti-Gravity Technology,10,27931,11994,0.4294,0.3230,0.5875,0.3722,0.2153,0.0733,0.2848,0.3779
Anti-Gravity Technology,11,15300,7415,0.4846,0.3446,0.3875,0.3932,-0.0057,0.0975,0.3411,0.1890
Anti-Gravity Technology,12,5393,2955,0.5479,0.3589,0.6988,0.4260,0.2728,0.1608,0.4232,0.5143
Ants,1,4578,9,0.0020,0.2844,-2.3718,0.2944,-2.6662,1.2325,-4.9743,-5.5050
Ants,2,6504,15,0.0023,0.2194,-0.1554,0.2283,-0.3837,2.0539,-4.5555,-2.9835
Ants,3,8751,86,0.0098,0.2123,-0.9887,0.2606,-1.2493,0.7749,-3.0726,-3.0028
Ants,4,11143,278,0.0249,0.2136,-0.4665,0.2770,-0.7436,0.4445,-2.1471,-1.9689
Ants,5,13775,716,0.0520,0.2196,-0.3290,0.2811,-0.6101,0.2882,-1.4409,-1.4324
Ants,6,16374,1460,0.0892,0.2281,0.0675,0.3350,-0.2676,0.2092,-0.9392,-0.8036
Ants,7,18608,2347,0.1261,0.2441,-0.0075,0.3433,-0.3508,0.1653,-0.6603,-0.7276
Ants,8,20162,3383,0.1678,0.2703,0.2312,0.3893,-0.1581,0.1325,-0.4769,-0.4303
Ants,9,20136,3969,0.1971,0.2986,0.4042,0.4068,-0.0026,0.1276,-0.4152,-0.2396
Ants,10,17901,3418,0.1909,0.3230,0.1850,0.3722,-0.1872,0.1340,-0.5257,-0.4872
Ants,11,12334,2151,0.1744,0.3446,0.4424,0.3932,0.0492,0.1820,-0.6809,-0.3394
Ants,12,5411,986,0.1822,0.3589,0.5284,0.4260,0.1025,0.2759,-0.6778,-0.2843
Aquifer Pumping,1,5444,1443,0.2651,0.2844,0.3691,0.2944,0.0747,0.2152,-0.0703,0.0346
Aquifer Pumping,2,6226,1169,0.1878,0.2194,0.1171,0.2283,-0.1113,0.2335,-0.1560,-0.2003
Aquifer Pumping,3,7191,1168,0.1624,0.2123,-0.1265,0.2606,-0.3871,0.2202,-0.2675,-0.5398
Aquifer Pumping,4,8230,1054,0.1281,0.2136,-0.3195,0.2770,-0.5965,0.2327,-0.5113,-0.8883
Aquifer Pumping,5,9530,1045,0.1097,0.2196,-0.1515,0.2811,-0.4327,0.2593,-0.6944,-0.8289
Aquifer Pumping,6,10982,952,0.0867,0.2281,0.0753,0.3350,-0.2597,0.2405,-0.9674,-0.8118
Aquifer Pumping,7,12746,981,0.0770,0.2441,-0.0870,0.3433,-0.4303,0.2462,-1.1542,-1.0889
Aquifer Pumping,8,14412,848,0.0588,0.2703,-0.1064,0.3893,-0.4957,0.2638,-1.5248,-1.3659
Aquifer Pumping,9,15714,715,0.0455,0.2986,-0.3370,0.4068,-0.7438,0.2747,-1.8813,-1.8174
Aquifer Pumping,10,15598,468,0.0300,0.3230,0.2573,0.3722,-0.1149,0.3548,-2.3763,-1.4710
Aquifer Pumping,11,12020,245,0.0204,0.3446,0.6483,0.3932,0.2551,0.4820,-2.8276,-1.3585
Aquifer Pumping,12,5872,92,0.0157,0.3589,0.3633,0.4260,-0.0627,0.7295,-3.1314,-1.8497
Archaebacteria,1,14627,9523,0.6511,0.2844,-0.0132,0.2944,-0.3076,0.0800,0.8283,0.1651
Archaebacteria,2,11160,6981,0.6255,0.2194,-0.1095,0.2283,-0.3379,0.0943,1.0475,0.2599
Archaebacteria,3,10058,6301,0.6265,0.2123,-0.1499,0.2606,-0.4105,0.0984,1.0823,0.2071
Archaebacteria,4,9629,5965,0.6195,0.2136,0.1032,0.2770,-0.1739,0.1032,1.0650,0.4339
Archaebacteria,5,9259,5321,0.5747,0.2196,0.1105,0.2811,-0.1707,0.1059,0.9621,0.3784
Archaebacteria,6,8735,4518,0.5172,0.2281,-0.1791,0.3350,-0.5142,0.1153,0.8188,-0.0469
Archaebacteria,7,8448,3400,0.4025,0.2441,-0.1925,0.3433,-0.5358,0.1302,0.5000,-0.2504
Archaebacteria,8,8449,2023,0.2394,0.2703,0.0622,0.3893,-0.3272,0.1672,-0.1214,-0.3964
Archaebacteria,9,9127,909,0.0996,0.2986,-0.0449,0.4068,-0.4517,0.2607,-1.0979,-1.0783
Archaebacteria,10,9639,305,0.0316,0.3230,0.3795,0.3722,0.0073,0.4206,-2.3231,-1.3185
Archaebacteria,11,7927,72,0.0091,0.3446,-1.4213,0.3932,-1.8145,0.8795,-3.6359,-3.8895
Archaebacteria,12,3888,10,0.0026,0.3589,-0.7813,0.4260,-1.2072,2.1952,-4.9383,-4.0254
Arctic Algae,1,19016,10136,0.5330,0.2844,0.0667,0.2944,-0.2277,0.0786,0.6283,0.1309
Arctic Algae,2,15807,8807,0.5572,0.2194,0.2585,0.2283,0.0301,0.0854,0.9317,0.5619
Arctic Algae,3,13991,8237,0.5887,0.2123,0.3845,0.2606,0.1239,0.0875,1.0202,0.7061
Arctic Algae,4,12800,7823,0.6112,0.2136,0.3702,0.2770,0.0931,0.0888,1.0515,0.6932
Arctic Algae,5,12068,7560,0.6265,0.2196,0.6932,0.2811,0.4120,0.0901,1.0484,1.0103
Arctic Algae,6,11264,7043,0.6253,0.2281,0.7293,0.3350,0.3943,0.0926,1.0085,0.9698
Arctic Algae,7,10644,6293,0.5912,0.2441,0.7250,0.3433,0.3818,0.0984,0.8846,0.8866
Arctic Algae,8,9741,4862,0.4991,0.2703,0.8079,0.3893,0.4186,0.1076,0.6132,0.7685
Arctic Algae,9,8747,2666,0.3048,0.2986,0.8366,0.4068,0.4298,0.1572,0.0206,0.4416
Arctic Algae,10,8248,1020,0.1237,0.3230,1.0037,0.3722,0.6315,0.2329,-0.9600,0.0837
Arctic Algae,11,6657,248,0.0373,0.3446,0.8903,0.3932,0.4971,0.4769,-2.2245,-0.7724
Arctic Algae,12,3347,46,0.0137,0.3589,3.3716,0.4260,2.9457,1.1352,-3.2624,1.0839
Artificial Lake,1,3494,20,0.0057,0.2844,-3.5044,0.2944,-3.7988,0.9353,-3.9056,-6.0277
Artificial Lake,2,5081,0,0.0000,0.2194,,0.2283,,,,
Artificial Lake,3,6956,0,0.0000,0.2123,,0.2606,,,,
Artificial Lake,4,9104,2,0.0002,0.2136,-1.7197,0.2770,-1.9968,3.7769,-6.8795,-5.9228
Artificial Lake,5,11831,54,0.0046,0.2196,0.5983,0.2811,0.3171,1.0393,-3.8735,-1.8934
Artificial Lake,6,15136,335,0.0221,0.2281,0.5319,0.3350,0.1969,0.4559,-2.3327,-1.1343
Artificial Lake,7,18865,1284,0.0681,0.2441,0.4775,0.3433,0.1343,0.2279,-1.2771,-0.5946
Artificial Lake,8,22342,3146,0.1408,0.2703,0.6676,0.3893,0.2782,0.1466,-0.6522,-0.0940
Artificial Lake,9,23615,5540,0.2346,0.2986,0.7435,0.4068,0.3367,0.1090,-0.2411,0.1991
Artificial Lake,10,20792,5787,0.2783,0.3230,0.8563,0.3722,0.4841,0.1071,-0.1488,0.3992
Artificial Lake,11,14100,3879,0.2751,0.3446,0.5152,0.3932,0.1220,0.1321,-0.2251,-0.0064
Artificial Lake,12,6240,1568,0.2513,0.3589,0.8360,0.4260,0.4100,0.2201,-0.3564,0.2066
Artificial Photosynthesis,1,14448,4396,0.3043,0.2844,0.1885,0.2944,-0.1059,0.1200,0.0676,-0.0673
Artificial Photosynthesis,2,15826,4890,0.3090,0.2194,-0.0653,0.2283,-0.2937,0.1111,0.3422,-0.0984
Artificial Photosynthesis,3,16744,5179,0.3093,0.2123,0.0689,0.2606,-0.1917,0.1111,0.3766,0.0232
Artificial Photosynthesis,4,17218,5169,0.3002,0.2136,-0.2461,0.2770,-0.5231,0.1099,0.3406,-0.3288
Artificial Photosynthesis,5,17767,5057,0.2846,0.2196,-0.3157,0.2811,-0.5969,0.1087,0.2595,-0.4488
Artificial Photosynthesis,6,18283,4919,0.2690,0.2281,-0.1543,0.3350,-0.4893,0.1109,0.1652,-0.3951
Artificial Photosynthesis,7,18631,4444,0.2385,0.2441,-0.4671,0.3433,-0.8103,0.1162,-0.0231,-0.8235
Artificial Photosynthesis,8,19291,4370,0.2265,0.2703,-0.2666,0.3893,-0.6559,0.1156,-0.1768,-0.7568
Artificial Photosynthesis,9,18900,3649,0.1931,0.2986,-0.3463,0.4068,-0.7532,0.1281,-0.4360,-1.0020
Artificial Photosynthesis,10,17338,3006,0.1734,0.3230,-0.3296,0.3722,-0.7018,0.1394,-0.6222,-1.0568
Artificial Photosynthesis,11,12447,1875,0.1506,0.3446,-0.2825,0.3932,-0.6757,0.1895,-0.8274,-1.1479
Artificial Photosynthesis,12,5650,872,0.1543,0.3589,0.0838,0.4260,-0.3421,0.3091,-0.8439,-0.8237
Asteroid,1,16820,2005,0.1192,0.2844,-0.4440,0.2944,-0.7384,0.1701,-0.8694,-1.2346
Asteroid,2,21126,3831,0.1813,0.2194,-0.2126,0.2283,-0.4409,0.1264,-0.1907,-0.5498
Asteroid,3,23869,5745,0.2407,0.2123,0.2629,0.2606,0.0024,0.1040,0.1257,0.0741
Asteroid,4,24961,7544,0.3022,0.2136,0.1824,0.2770,-0.0946,0.0903,0.3473,0.1036
Asteroid,5,24509,8403,0.3429,0.2196,0.1296,0.2811,-0.1516,0.0863,0.4456,0.1027
Asteroid,6,23462,9018,0.3844,0.2281,0.2036,0.3350,-0.1314,0.0846,0.5219,0.1664
Asteroid,7,22167,9476,0.4275,0.2441,0.3046,0.3433,-0.0387,0.0814,0.5603,0.2811
Asteroid,8,20210,9985,0.4941,0.2703,0.4663,0.3893,0.0769,0.0808,0.6030,0.4210
Asteroid,9,17239,9329,0.5412,0.2986,0.7124,0.4068,0.3055,0.0824,0.5947,0.6449
Asteroid,10,13273,7454,0.5616,0.3230,0.7652,0.3722,0.3930,0.0929,0.5532,0.7086
Asteroid,11,8367,4667,0.5578,0.3446,0.7919,0.3932,0.3987,0.1201,0.4817,0.6736
Asteroid,12,3795,2121,0.5589,0.3589,0.9225,0.4260,0.4965,0.1839,0.4430,0.7493
Asteroid Mining,1,16783,8982,0.5352,0.2844,0.2037,0.2944,-0.0907,0.0854,0.6323,0.2702
Asteroid Mining,2,13903,5446,0.3917,0.2194,-0.1235,0.2283,-0.3518,0.1076,0.5794,-0.0211
Asteroid Mining,3,14464,5976,0.4132,0.2123,-0.2836,0.2606,-0.5441,0.1041,0.6661,-0.1640
Asteroid Mining,4,14460,5788,0.4003,0.2136,-0.4050,0.2770,-0.6820,0.1020,0.6283,-0.3235
Asteroid Mining,5,14882,5573,0.3745,0.2196,-0.4304,0.2811,-0.7115,0.1029,0.5338,-0.4069
Asteroid Mining,6,15389,5481,0.3562,0.2281,-0.1803,0.3350,-0.5153,0.1036,0.4457,-0.2609
Asteroid Mining,7,16097,5721,0.3554,0.2441,-0.2825,0.3433,-0.6257,0.1012,0.3757,-0.4113
Asteroid Mining,8,16613,6085,0.3663,0.2703,-0.1890,0.3893,-0.5784,0.0973,0.3037,-0.4050
Asteroid Mining,9,16098,5796,0.3600,0.2986,-0.2082,0.4068,-0.6150,0.0998,0.1872,-0.5082
Asteroid Mining,10,14038,4880,0.3476,0.3230,0.1338,0.3722,-0.2384,0.1140,0.0735,-0.1964
Asteroid Mining,11,9140,3186,0.3486,0.3446,0.2480,0.3932,-0.1452,0.1455,0.0116,-0.1386
Asteroid Mining,12,3816,1385,0.3629,0.3589,0.2851,0.4260,-0.1408,0.2249,0.0113,-0.1344
Asteroid Mining Consortium,1,15701,3760,0.2395,0.2844,1.8366,0.2944,1.5422,0.1278,-0.1718,1.4442
Asteroid Mining Consortium,2,17963,4614,0.2569,0.2194,1.4033,0.2283,1.1750,0.1165,0.1574,1.2648
Asteroid Mining Consortium,3,19560,4791,0.2449,0.2123,0.9004,0.2606,0.6398,0.1153,0.1432,0.7215
Asteroid Mining Consortium,4,21136,5470,0.2588,0.2136,0.6793,0.2770,0.4023,0.1056,0.1922,0.5119
Asteroid Mining Consortium,5,22324,5753,0.2577,0.2196,0.4847,0.2811,0.2036,0.1028,0.1601,0.2949
Asteroid Mining Consortium,6,23149,6272,0.2709,0.2281,0.4294,0.3350,0.0943,0.0992,0.1722,0.1926
Asteroid Mining Consortium,7,23685,6578,0.2777,0.2441,0.2760,0.3433,-0.0673,0.0955,0.1291,0.0064
Asteroid Mining Consortium,8,23642,6685,0.2828,0.2703,0.1026,0.3893,-0.2867,0.0930,0.0449,-0.2611
Asteroid Mining Consortium,9,22507,6190,0.2750,0.2986,0.0965,0.4068,-0.3103,0.0976,-0.0821,-0.3572
Asteroid Mining Consortium,10,19559,5680,0.2904,0.3230,0.1758,0.3722,-0.1964,0.1049,-0.1064,-0.2571
Asteroid Mining Consortium,11,12801,4476,0.3497,0.3446,0.4825,0.3932,0.0893,0.1234,0.0147,0.0977
Asteroid Mining Consortium,12,5049,2037,0.4034,0.3589,0.5519,0.4260,0.1259,0.1924,0.1171,0.1927
Beam From a Thorium Asteroid,1,12158,2230,0.1834,0.2844,0.5998,0.2944,0.3054,0.1698,-0.4385,0.0552
Beam From a Thorium Asteroid,2,14138,2416,0.1709,0.2194,0.5545,0.2283,0.3261,0.1659,-0.2501,0.1834
Beam From a Thorium Asteroid,3,16066,3248,0.2022,0.2123,0.1526,0.2606,-0.1080,0.1389,-0.0487,-0.1358
Beam From a Thorium Asteroid,4,17235,3538,0.2053,0.2136,-0.3210,0.2770,-0.5980,0.1332,-0.0395,-0.6206
Beam From a Thorium Asteroid,5,18295,3740,0.2044,0.2196,-0.2502,0.2811,-0.5314,0.1294,-0.0715,-0.5722
Beam From a Thorium Asteroid,6,19370,3893,0.2010,0.2281,-0.3189,0.3350,-0.6539,0.1248,-0.1265,-0.7261
Beam From a Thorium Asteroid,7,20443,3962,0.1938,0.2441,-0.3821,0.3433,-0.7253,0.1205,-0.2307,-0.8570
Beam From a Thorium Asteroid,8,21258,3957,0.1861,0.2703,-0.5494,0.3893,-0.9387,0.1188,-0.3732,-1.1517
Beam From a Thorium Asteroid,9,21303,3930,0.1845,0.2986,-0.3182,0.4068,-0.7250,0.1200,-0.4815,-0.9998
Beam From a Thorium Asteroid,10,19367,3495,0.1805,0.3230,0.0469,0.3722,-0.3253,0.1347,-0.5821,-0.6575
Beam From a Thorium Asteroid,11,13759,2630,0.1911,0.3446,0.3792,0.3932,-0.0140,0.1564,-0.5892,-0.3503
Beam From a Thorium Asteroid,12,6104,1247,0.2043,0.3589,0.5026,0.4260,0.0766,0.2399,-0.5634,-0.2449
Big Asteroid,1,17058,1270,0.0745,0.2844,-0.3860,0.2944,-0.6804,0.2127,-1.3401,-1.4452
Big Asteroid,2,22372,2315,0.1035,0.2194,0.1954,0.2283,-0.0330,0.1644,-0.7518,-0.4620
Big Asteroid,3,26699,4278,0.1602,0.2123,0.3470,0.2606,0.0864,0.1190,-0.2812,-0.0741
Big Asteroid,4,29400,6361,0.2164,0.2136,0.3010,0.2770,0.0240,0.0996,0.0131,0.0314
Big Asteroid,5,30164,7690,0.2549,0.2196,0.3107,0.2811,0.0296,0.0917,0.1493,0.1148
Big Asteroid,6,29959,8171,0.2727,0.2281,0.4272,0.3350,0.0922,0.0884,0.1788,0.1943
Big Asteroid,7,29372,9240,0.3146,0.2441,0.4274,0.3433,0.0841,0.0820,0.2537,0.2289
Big Asteroid,8,27786,10681,0.3844,0.2703,0.6493,0.3893,0.2600,0.0770,0.3520,0.4609
Big Asteroid,9,23869,10956,0.4590,0.2986,0.7674,0.4068,0.3606,0.0761,0.4301,0.6060
Big Asteroid,10,17933,8734,0.4870,0.3230,0.8675,0.3722,0.4953,0.0861,0.4107,0.7297
Big Asteroid,11,11146,5435,0.4876,0.3446,1.0938,0.3932,0.7006,0.1146,0.3473,0.8988
Big Asteroid,12,4877,2283,0.4681,0.3589,0.9396,0.4260,0.5136,0.1740,0.2657,0.6652
Biomass Combustors,1,5927,3,0.0005,0.2844,0.7603,0.2944,0.4659,2.7848,-6.3312,-3.1472
Biomass Combustors,2,8960,9,0.0010,0.2194,6.5431,0.2283,6.3148,2.4292,-5.3867,3.2407
Biomass Combustors,3,12223,72,0.0059,0.2123,2.4541,0.2606,2.1935,0.7883,-3.5844,0.1479
Biomass Combustors,4,15771,411,0.0261,0.2136,2.0198,0.2770,1.7427,0.4182,-2.1035,0.5423
Biomass Combustors,5,19401,1453,0.0749,0.2196,1.4873,0.2811,1.2062,0.2102,-1.0757,0.5923
Biomass Combustors,6,22501,3270,0.1453,0.2281,0.9509,0.3350,0.6159,0.1423,-0.4507,0.3586
Biomass Combustors,7,24112,5622,0.2332,0.2441,0.4328,0.3433,0.0895,0.1084,-0.0458,0.0633
Biomass Combustors,8,23476,7424,0.3162,0.2703,0.1344,0.3893,-0.2549,0.0958,0.1568,-0.1654
Biomass Combustors,9,19796,6577,0.3322,0.2986,-0.0172,0.4068,-0.4241,0.0998,0.1069,-0.3631
Biomass Combustors,10,15041,3683,0.2449,0.3230,-0.0208,0.3722,-0.3930,0.1341,-0.2769,-0.5511
Biomass Combustors,11,9763,1331,0.1363,0.3446,-0.1689,0.3932,-0.5621,0.2181,-0.9272,-1.0913
Biomass Combustors,12,4244,339,0.0799,0.3589,0.1382,0.4260,-0.2878,0.4694,-1.5025,-1.1452
Birds,1,11280,42,0.0037,0.2844,1.4108,0.2944,1.1164,1.0705,-4.3356,-1.3579
Birds,2,16566,0,0.0000,0.2194,,0.2283,,,,
Birds,3,22155,0,0.0000,0.2123,,0.2606,,,,
Birds,4,28137,0,0.0000,0.2136,,0.2770,,,,
Birds,5,34470,7,0.0002,0.2196,6.7634,0.2811,6.4823,3.1212,-6.9859,2.4955
Birds,6,41348,70,0.0017,0.2281,0.4007,0.3350,0.0657,1.0541,-4.9032,-2.7326
Birds,7,48190,542,0.0112,0.2441,1.8232,0.3433,1.4800,0.3444,-3.0775,-0.2763
Birds,8,54527,2894,0.0531,0.2703,0.9964,0.3893,0.6070,0.1608,-1.6280,-0.3220
Birds,9,56874,9706,0.1707,0.2986,0.8901,0.4068,0.4832,0.0877,-0.5593,0.1640
Birds,10,48869,17341,0.3548,0.3230,0.4401,0.3722,0.0679,0.0642,0.0941,0.1215
Birds,11,28518,15362,0.5387,0.3446,0.2875,0.3932,-0.1057,0.0682,0.4469,0.1493
Birds,12,9020,5814,0.6446,0.3589,0.3476,0.4260,-0.0784,0.1135,0.5856,0.2558
Black Polar Dust,1,6901,2623,0.3801,0.2844,-0.2160,0.2944,-0.5104,0.1600,0.2901,-0.3448
Black Polar Dust,2,7274,2487,0.3419,0.2194,0.1511,0.2283,-0.0773,0.1673,0.4434,0.1758
Black Polar Dust,3,7726,2164,0.2801,0.2123,-0.1038,0.2606,-0.3644,0.1712,0.2774,-0.2061
Black Polar Dust,4,8398,1945,0.2316,0.2136,-0.2797,0.2770,-0.5567,0.1894,0.0811,-0.5104
Black Polar Dust,5,9388,1790,0.1907,0.2196,-0.3013,0.2811,-0.5824,0.1994,-0.1412,-0.6630
Black Polar Dust,6,10606,1713,0.1615,0.2281,-0.3977,0.3350,-0.7328,0.1906,-0.3451,-0.9297
Black Polar Dust,7,12073,1735,0.1437,0.2441,-0.1098,0.3433,-0.4530,0.1837,-0.5298,-0.7554
Black Polar Dust,8,13357,1671,0.1251,0.2703,-0.1002,0.3893,-0.4895,0.1950,-0.7705,-0.9292
Black Polar Dust,9,14380,1558,0.1083,0.2986,0.4539,0.4068,0.0470,0.2009,-1.0137,-0.5315
Black Polar Dust,10,14177,1291,0.0911,0.3230,1.2896,0.3722,0.9174,0.2268,-1.2661,0.1949
Black Polar Dust,11,10987,776,0.0706,0.3446,1.5600,0.3932,1.1668,0.2775,-1.5848,0.2623
Black Polar Dust,12,5324,326,0.0612,0.3589,1.1546,0.4260,0.7286,0.4287,-1.7683,-0.2805
Breathing Filters,1,5020,6,0.0012,0.2844,-2.5102,0.2944,-2.8046,0.3689,-5.4719,-5.9273
Breathing Filters,2,7752,0,0.0000,0.2194,,0.2283,,,,
Breathing Filters,3,10913,0,0.0000,0.2123,,0.2606,,,,
Breathing Filters,4,14439,2,0.0001,0.2136,16.5018,0.2770,16.2248,3.7576,-7.3407,12.0356
Breathing Filters,5,18654,39,0.0021,0.2196,1.5700,0.2811,1.2889,1.1046,-4.6542,-1.3672
Breathing Filters,6,23370,220,0.0094,0.2281,0.7234,0.3350,0.3884,0.5687,-3.1875,-1.4307
Breathing Filters,7,28717,619,0.0216,0.2441,-0.4302,0.3433,-0.7735,0.3088,-2.4269,-2.1585
Breathing Filters,8,33879,1812,0.0535,0.2703,-0.5111,0.3893,-0.9004,0.1877,-1.6203,-1.8251
Breathing Filters,9,37514,4457,0.1188,0.2986,0.0555,0.4068,-0.3513,0.1201,-0.9215,-0.8772
Breathing Filters,10,35887,8783,0.2447,0.3230,0.0615,0.3722,-0.3107,0.0899,-0.2774,-0.4691
Breathing Filters,11,25238,10151,0.4022,0.3446,0.2654,0.3932,-0.1278,0.0846,0.1547,-0.0395
Breathing Filters,12,10736,5567,0.5185,0.3589,0.1448,0.4260,-0.2812,0.1156,0.3680,-0.0711
Bribed Committee,1,13646,9812,0.7190,0.2844,0.2490,0.2944,-0.0454,0.0802,0.9277,0.4840
Bribed Committee,2,9332,6674,0.7152,0.2194,0.2689,0.2283,0.0406,0.0961,1.1814,0.7148
Bribed Committee,3,7976,5514,0.6913,0.2123,0.2397,0.2606,-0.0209,0.1065,1.1808,0.6530
Bribed Committee,4,7604,4905,0.6451,0.2136,-0.0823,0.2770,-0.3593,0.1146,1.1054,0.2716
Bribed Committee,5,7477,4444,0.5944,0.2196,0.2208,0.2811,-0.0603,0.1189,0.9958,0.5080
Bribed Committee,6,7703,4224,0.5484,0.2281,0.1556,0.3350,-0.1794,0.1178,0.8772,0.3212
Bribed Committee,7,7875,3742,0.4752,0.2441,0.2787,0.3433,-0.0645,0.1261,0.6661,0.3156
Bribed Committee,8,8334,3329,0.3994,0.2703,0.8313,0.3893,0.4420,0.1374,0.3904,0.6648
Bribed Committee,9,8590,2656,0.3092,0.2986,0.7298,0.4068,0.3230,0.1459,0.0350,0.3430
Bribed Committee,10,8254,1829,0.2216,0.3230,0.6252,0.3722,0.2530,0.1717,-0.3768,0.0380
Bribed Committee,11,6359,1111,0.1747,0.3446,0.7182,0.3932,0.3250,0.2353,-0.6791,-0.0626
Bribed Committee,12,3027,409,0.1351,0.3589,1.0773,0.4260,0.6513,0.4113,-0.9768,0.0939
Building Industries,1,15426,8805,0.5708,0.2844,0.4848,0.2944,0.1904,0.0849,0.6968,0.5880
Building Industries,2,12759,6395,0.5012,0.2194,0.1392,0.2283,-0.0891,0.0999,0.8259,0.3822
Building Industries,3,12491,6502,0.5205,0.2123,0.2373,0.2606,-0.0233,0.0991,0.8971,0.4887
Building Industries,4,12078,6331,0.5242,0.2136,0.1651,0.2770,-0.1119,0.0971,0.8979,0.4005
Building Industries,5,11835,6423,0.5427,0.2196,0.1786,0.2811,-0.1025,0.0973,0.9049,0.4139
Building Industries,6,11358,6177,0.5438,0.2281,0.1518,0.3350,-0.1832,0.0996,0.8690,0.3127
Building Industries,7,10959,5870,0.5356,0.2441,0.1370,0.3433,-0.2063,0.1004,0.7859,0.2422
Building Industries,8,10303,5014,0.4867,0.2703,0.1872,0.3893,-0.2021,0.1049,0.5879,0.1334
Building Industries,9,9874,3998,0.4049,0.2986,0.1430,0.4068,-0.2639,0.1197,0.3046,-0.0900
Building Industries,10,8834,2543,0.2879,0.3230,0.1890,0.3722,-0.1832,0.1568,-0.1151,-0.2489
Building Industries,11,6309,1239,0.1964,0.3446,0.0343,0.3932,-0.3589,0.2316,-0.5622,-0.6797
Building Industries,12,2963,439,0.1482,0.3589,0.1891,0.4260,-0.2368,0.3745,-0.8847,-0.7417
Bushes,1,15429,661,0.0428,0.2844,-0.3124,0.2944,-0.6068,0.3243,-1.8928,-1.6869
Bushes,2,20706,2,0.0001,0.2194,-3.9687,0.2283,-4.1971,9.9205,-7.7284,-8.6076
Bushes,3,26969,28,0.0010,0.2123,3.1403,0.2606,2.8797,1.5370,-5.3202,-0.1565
Bushes,4,33369,197,0.0059,0.2136,1.0397,0.2770,0.7627,0.5455,-3.5883,-1.2851
Bushes,5,39985,1209,0.0302,0.2196,1.5427,0.2811,1.2616,0.2287,-1.9827,0.1301
Bushes,6,45996,4252,0.0924,0.2281,1.2772,0.3350,0.9422,0.1284,-0.9031,0.4268
Bushes,7,49404,9792,0.1982,0.2441,0.7327,0.3433,0.3894,0.0832,-0.2083,0.2706
Bushes,8,46997,16342,0.3477,0.2703,0.3256,0.3893,-0.0637,0.0634,0.2518,0.0800
Bushes,9,37112,18365,0.4949,0.2986,0.2554,0.4068,-0.1514,0.0590,0.5053,0.1369
Bushes,10,23412,13727,0.5863,0.3230,0.0486,0.3722,-0.3236,0.0695,0.5963,0.0167
Bushes,11,11683,6932,0.5933,0.3446,-0.0236,0.3932,-0.4168,0.0988,0.5435,-0.1066
Bushes,12,4270,2499,0.5852,0.3589,0.0773,0.4260,-0.3487,0.1662,0.4890,-0.0696
Business Contacts,1,16121,6853,0.4251,0.2844,-0.3084,0.2944,-0.6028,0.0926,0.4021,-0.3734
Business Contacts,2,15886,6710,0.4224,0.2194,0.1452,0.2283,-0.0831,0.0957,0.6548,0.2906
Business Contacts,3,15820,6806,0.4302,0.2123,0.3596,0.2606,0.0990,0.0960,0.7065,0.5022
Business Contacts,4,15830,6864,0.4336,0.2136,0.4901,0.2770,0.2131,0.0948,0.7082,0.6173
Business Contacts,5,16022,7084,0.4421,0.2196,0.4896,0.2811,0.2084,0.0939,0.6999,0.6079
Business Contacts,6,16278,7263,0.4462,0.2281,0.6944,0.3350,0.3594,0.0949,0.6710,0.7424
Business Contacts,7,16613,8090,0.4870,0.2441,0.5807,0.3433,0.2375,0.0902,0.6906,0.6316
Business Contacts,8,16204,9017,0.5565,0.2703,0.7484,0.3893,0.3590,0.0837,0.7220,0.7710
Business Contacts,9,14587,9247,0.6339,0.2986,0.6631,0.4068,0.2562,0.0841,0.7529,0.6859
Business Contacts,10,11384,8096,0.7112,0.3230,0.5009,0.3722,0.1287,0.0932,0.7893,0.5792
Business Contacts,11,7128,5557,0.7796,0.3446,0.5941,0.3932,0.2008,0.1122,0.8165,0.6668
Business Contacts,12,2816,2319,0.8235,0.3589,0.6716,0.4260,0.2457,0.1797,0.8306,0.7197
Business Network,1,15994,9018,0.5638,0.2844,0.1072,0.2944,-0.1872,0.0846,0.6845,0.2035
Business Network,2,13456,7533,0.5598,0.2194,0.1547,0.2283,-0.0736,0.0926,0.9365,0.4608
Business Network,3,12451,7058,0.5669,0.2123,0.2552,0.2606,-0.0054,0.0929,0.9824,0.5552
Business Network,4,12002,6706,0.5587,0.2136,0.2853,0.2770,0.0083,0.0998,0.9618,0.5571
Business Network,5,12141,6659,0.5485,0.2196,0.2498,0.2811,-0.0313,0.1002,0.9154,0.4911
Business Network,6,12176,6800,0.5585,0.2281,0.1542,0.3350,-0.1808,0.0962,0.8955,0.3302
Business Network,7,12132,6871,0.5664,0.2441,0.3567,0.3433,0.0134,0.0951,0.8417,0.4938
Business Network,8,11773,6913,0.5872,0.2703,0.4161,0.3893,0.0268,0.0964,0.7757,0.4695
Business Network,9,10918,6530,0.5981,0.2986,0.2309,0.4068,-0.1759,0.0983,0.6948,0.2205
Business Network,10,8856,5026,0.5675,0.3230,0.4424,0.3722,0.0701,0.1155,0.5637,0.3918
Business Network,11,5820,3160,0.5430,0.3446,0.1883,0.3932,-0.2049,0.1532,0.4548,0.0546
Business Network,12,2408,1320,0.5482,0.3589,0.2681,0.4260,-0.1579,0.2432,0.4236,0.0839
CEO's Favourite Project,1,4305,19,0.0044,0.2844,0.5850,0.2944,0.2906,1.0600,-4.1656,-2.0867
CEO's Favourite Project,2,6512,55,0.0084,0.2194,-0.4862,0.2283,-0.7146,1.0199,-3.2574,-2.5736
CEO's Favourite Project,3,9010,85,0.0094,0.2123,-0.6174,0.2606,-0.8780,0.6975,-3.1134,-2.6548
CEO's Favourite Project,4,11969,175,0.0146,0.2136,-0.3180,0.2770,-0.5951,0.5244,-2.6814,-2.1253
CEO's Favourite Project,5,15420,319,0.0207,0.2196,-0.4788,0.2811,-0.7599,0.3866,-2.3622,-2.1080
CEO's Favourite Project,6,19363,514,0.0265,0.2281,0.7058,0.3350,0.3708,0.3474,-2.1508,-0.8566
CEO's Favourite Project,7,23699,748,0.0316,0.2441,0.2662,0.3433,-0.0770,0.2717,-2.0456,-1.2444
CEO's Favourite Project,8,28314,1493,0.0527,0.2703,0.9405,0.3893,0.5512,0.2063,-1.6345,-0.3816
CEO's Favourite Project,9,31895,3767,0.1181,0.2986,0.6703,0.4068,0.2635,0.1341,-0.9274,-0.2658
CEO's Favourite Project,10,31300,8769,0.2802,0.3230,0.5680,0.3722,0.1958,0.0910,-0.1423,0.1146
CEO's Favourite Project,11,22195,10445,0.4706,0.3446,0.5180,0.3932,0.1248,0.0845,0.3118,0.3027
CEO's Favourite Project,12,9301,5485,0.5897,0.3589,0.3119,0.4260,-0.1140,0.1167,0.4967,0.1694
Callisto Penal Mines,1,12690,4378,0.3450,0.2844,-0.5379,0.2944,-0.8323,0.1173,0.1933,-0.7220
Callisto Penal Mines,2,13123,3414,0.2602,0.2194,-0.5734,0.2283,-0.8017,0.1318,0.1702,-0.7046
Callisto Penal Mines,3,14671,3886,0.2649,0.2123,-0.5744,0.2606,-0.8350,0.1215,0.2215,-0.7086
Callisto Penal Mines,4,15950,4101,0.2571,0.2136,-0.3435,0.2770,-0.6205,0.1192,0.1856,-0.5145
Callisto Penal Mines,5,17227,4096,0.2378,0.2196,-0.2395,0.2811,-0.5206,0.1213,0.0796,-0.4752
Callisto Penal Mines,6,18666,4346,0.2328,0.2281,-0.4307,0.3350,-0.7657,0.1159,0.0206,-0.7540
Callisto Penal Mines,7,20104,4611,0.2294,0.2441,-0.0965,0.3433,-0.4397,0.1155,-0.0623,-0.4753
Callisto Penal Mines,8,21429,5278,0.2463,0.2703,-0.0059,0.3893,-0.3952,0.1075,-0.0931,-0.4484
Callisto Penal Mines,9,21486,5751,0.2677,0.2986,0.0928,0.4068,-0.3140,0.1043,-0.1093,-0.3764
Callisto Penal Mines,10,19063,5705,0.2993,0.3230,-0.0449,0.3722,-0.4171,0.1065,-0.0763,-0.4607
Callisto Penal Mines,11,12786,4377,0.3423,0.3446,0.3003,0.3932,-0.0930,0.1239,-0.0065,-0.0967
Callisto Penal Mines,12,5354,2140,0.3997,0.3589,0.5487,0.4260,0.1228,0.1875,0.1077,0.1842
Capital,1,7140,28,0.0039,0.2844,-1.9176,0.2944,-2.2120,1.2515,-4.2838,-4.6567
Capital,2,10541,48,0.0046,0.2194,-0.0079,0.2283,-0.2363,1.1091,-3.8752,-2.4478
Capital,3,14183,174,0.0123,0.2123,0.4693,0.2606,0.2087,0.6603,-2.8508,-1.4182
Capital,4,18133,421,0.0232,0.2136,-0.5326,0.2770,-0.8096,0.3786,-2.2190,-2.0760
Capital,5,22356,1009,0.0451,0.2196,-0.0457,0.2811,-0.3268,0.2635,-1.5821,-1.2297
Capital,6,26696,2020,0.0757,0.2281,-0.1026,0.3350,-0.4376,0.1786,-1.1034,-1.0673
Capital,7,30403,3765,0.1238,0.2441,0.3018,0.3433,-0.0414,0.1345,-0.6786,-0.4287
Capital,8,32588,6435,0.1975,0.2703,0.5910,0.3893,0.2017,0.1011,-0.3141,0.0225
Capital,9,31607,9484,0.3001,0.2986,0.3456,0.4068,-0.0612,0.0836,0.0050,-0.0584
Capital,10,25358,10371,0.4090,0.3230,0.2293,0.3722,-0.1430,0.0793,0.2361,-0.0082
Capital,11,14969,6995,0.4673,0.3446,0.2011,0.3932,-0.1921,0.0961,0.3047,-0.0182
Capital,12,5683,2748,0.4835,0.3589,0.2013,0.4260,-0.2247,0.1609,0.2982,-0.0545
Carbonate Processing,1,9550,3868,0.4050,0.2844,-0.2691,0.2944,-0.5635,0.1318,0.3537,-0.3616
Carbonate Processing,2,9450,3112,0.3293,0.2194,-0.3199,0.2283,-0.5482,0.1497,0.4059,-0.3166
Carbonate Processing,3,9970,3132,0.3141,0.2123,-0.2238,0.2606,-0.4844,0.1445,0.3921,-0.2607
Carbonate Processing,4,10485,3046,0.2905,0.2136,-0.2138,0.2770,-0.4908,0.1432,0.3077,-0.3152
Carbonate Processing,5,11015,3099,0.2813,0.2196,-0.2370,0.2811,-0.5181,0.1430,0.2479,-0.3767
Carbonate Processing,6,11475,2831,0.2467,0.2281,0.0515,0.3350,-0.2835,0.1498,0.0785,-0.2387
Carbonate Processing,7,12141,2641,0.2175,0.2441,-0.0242,0.3433,-0.3675,0.1529,-0.1152,-0.4332
Carbonate Processing,8,12911,2490,0.1929,0.2703,-0.1255,0.3893,-0.5149,0.1552,-0.3377,-0.7076
Carbonate Processing,9,13345,1902,0.1425,0.2986,-0.1388,0.4068,-0.5456,0.1808,-0.7395,-0.9677
Carbonate Processing,10,12941,1394,0.1077,0.3230,0.3002,0.3722,-0.0720,0.2150,-1.0981,-0.6986
Carbonate Processing,11,9837,818,0.0832,0.3446,0.3596,0.3932,-0.0336,0.2811,-1.4215,-0.8449
Carbonate Processing,12,4755,340,0.0715,0.3589,0.6521,0.4260,0.2261,0.4129,-1.6132,-0.6946
Caretaker Contract,1,2912,2,0.0007,0.2844,-0.3479,0.2944,-0.6423,0.4913,-6.0260,-4.0812
Caretaker Contract,2,4033,0,0.0000,0.2194,,0.2283,,,,
Caretaker Contract,3,5232,0,0.0000,0.2123,,0.2606,,,,
Caretaker Contract,4,6714,0,0.0000,0.2136,,0.2770,,,,
Caretaker Contract,5,8598,0,0.0000,0.2196,,0.2811,,,,
Caretaker Contract,6,10794,19,0.0018,0.2281,0.4432,0.3350,0.1082,2.4220,-4.8643,-2.6678
Caretaker Contract,7,13140,100,0.0076,0.2441,1.8279,0.3433,1.4846,0.9450,-3.4681,-0.4945
Caretaker Contract,8,15828,436,0.0275,0.2703,0.3839,0.3893,-0.0054,0.4391,-2.2838,-1.3088
Caretaker Contract,9,18093,1434,0.0793,0.2986,-0.2209,0.4068,-0.6277,0.2145,-1.3263,-1.3846
Caretaker Contract,10,18011,2468,0.1370,0.3230,-0.3352,0.3722,-0.7074,0.1708,-0.8574,-1.1968
Caretaker Contract,11,13475,2342,0.1738,0.3446,-0.1282,0.3932,-0.5214,0.1739,-0.6843,-0.9119
Caretaker Contract,12,6242,1170,0.1874,0.3589,-0.3059,0.4260,-0.7319,0.2560,-0.6495,-1.1025
Cartel,1,13713,3287,0.2397,0.2844,1.5406,0.2944,1.2462,0.1382,-0.1709,1.1487
Cartel,2,15890,4380,0.2756,0.2194,1.2189,0.2283,0.9906,0.1183,0.2280,1.1207
Cartel,3,17229,5430,0.3152,0.2123,0.9643,0.2606,0.7038,0.1083,0.3953,0.9294
Cartel,4,17549,5911,0.3368,0.2136,0.9954,0.2770,0.7184,0.1027,0.4557,0.9785
Cartel,5,17504,6215,0.3551,0.2196,0.7037,0.2811,0.4226,0.0997,0.4806,0.6968
Cartel,6,17448,6503,0.3727,0.2281,0.6214,0.3350,0.2864,0.0974,0.4911,0.5666
Cartel,7,17190,6917,0.4024,0.2441,0.5406,0.3433,0.1973,0.0953,0.4998,0.4826
Cartel,8,16459,6941,0.4217,0.2703,0.3427,0.3893,-0.0467,0.0937,0.4447,0.2071
Cartel,9,14795,6041,0.4083,0.2986,0.4787,0.4068,0.0718,0.0984,0.3130,0.2505
Cartel,10,12397,4437,0.3579,0.3230,0.2181,0.3722,-0.1541,0.1141,0.1027,-0.0955
Cartel,11,8023,2287,0.2851,0.3446,0.2984,0.3932,-0.0948,0.1667,-0.1896,-0.2030
Cartel,12,3336,842,0.2524,0.3589,0.4088,0.4260,-0.0171,0.2794,-0.3520,-0.2180
Cloud Seeding,1,5253,168,0.0320,0.2844,1.4113,0.2944,1.1169,0.7035,-2.1851,-0.1301
Cloud Seeding,2,7854,463,0.0590,0.2194,0.9472,0.2283,0.7189,0.3547,-1.3144,-0.0313
Cloud Seeding,3,10389,1011,0.0973,0.2123,0.3356,0.2606,0.0750,0.2475,-0.7798,-0.3701
Cloud Seeding,4,12740,1785,0.1401,0.2136,0.1546,0.2770,-0.1224,0.1889,-0.4215,-0.3630
Cloud Seeding,5,14607,2382,0.1631,0.2196,0.0309,0.2811,-0.2502,0.1622,-0.2975,-0.4200
Cloud Seeding,6,16266,3030,0.1863,0.2281,-0.5219,0.3350,-0.8569,0.1444,-0.2025,-0.9724
Cloud Seeding,7,17482,3646,0.2086,0.2441,-0.1401,0.3433,-0.4834,0.1330,-0.1574,-0.5732
Cloud Seeding,8,18114,3927,0.2168,0.2703,-0.4430,0.3893,-0.8323,0.1246,-0.2207,-0.9583
Cloud Seeding,9,17864,3716,0.2080,0.2986,-0.3552,0.4068,-0.7620,0.1239,-0.3614,-0.9682
Cloud Seeding,10,15975,2739,0.1715,0.3230,-0.3312,0.3722,-0.7034,0.1417,-0.6333,-1.0648
Cloud Seeding,11,11296,1555,0.1377,0.3446,0.2899,0.3932,-0.1034,0.2026,-0.9175,-0.6269
Cloud Seeding,12,5190,625,0.1204,0.3589,0.0736,0.4260,-0.3524,0.3045,-1.0920,-0.9755
Colonizer Training Camp,1,12915,1779,0.1377,0.2844,-1.0476,0.2944,-1.3420,0.1482,-0.7248,-1.7556
Colonizer Training Camp,2,16677,2168,0.1300,0.2194,-0.6500,0.2283,-0.8784,0.1488,-0.5236,-1.1772
Colonizer Training Camp,3,20218,3526,0.1744,0.2123,-0.8952,0.2606,-1.1558,0.1234,-0.1964,-1.2679
Colonizer Training Camp,4,22504,5249,0.2332,0.2136,-0.7159,0.2770,-0.9929,0.1065,0.0882,-0.9426
Colonizer Training Camp,5,23564,7336,0.3113,0.2196,-0.3503,0.2811,-0.6314,0.0887,0.3491,-0.4322
Colonizer Training Camp,6,22227,8447,0.3800,0.2281,-0.1430,0.3350,-0.4780,0.0855,0.5105,-0.1867
Colonizer Training Camp,7,19477,8398,0.4312,0.2441,-0.0136,0.3433,-0.3569,0.0856,0.5690,-0.0322
Colonizer Training Camp,8,16183,7133,0.4408,0.2703,0.0534,0.3893,-0.3359,0.0921,0.4889,-0.0569
Colonizer Training Camp,9,12759,4400,0.3449,0.2986,0.1741,0.4068,-0.2328,0.1164,0.1441,-0.1505
Colonizer Training Camp,10,10090,1517,0.1503,0.3230,0.5202,0.3722,0.1480,0.1998,-0.7647,-0.2884
Colonizer Training Camp,11,7314,271,0.0371,0.3446,0.5252,0.3932,0.1320,0.4647,-2.2299,-1.1406
Colonizer Training Camp,12,3605,28,0.0078,0.3589,0.3960,0.4260,-0.0300,1.8078,-3.8331,-2.2175
Comet,1,16865,2958,0.1754,0.2844,-0.3107,0.2944,-0.6051,0.1487,-0.4832,-0.8808
Comet,2,20421,4393,0.2151,0.2194,0.0802,0.2283,-0.1481,0.1233,-0.0199,-0.1595
Comet,3,22873,5927,0.2591,0.2123,0.1482,0.2606,-0.1124,0.1045,0.1996,0.0015
Comet,4,23742,7122,0.3000,0.2136,0.3707,0.2770,0.0937,0.0938,0.3398,0.2876
Comet,5,23713,7936,0.3347,0.2196,0.2715,0.2811,-0.0096,0.0905,0.4214,0.2309
Comet,6,23126,8363,0.3616,0.2281,0.3687,0.3350,0.0337,0.0886,0.4609,0.2967
Comet,7,22432,9266,0.4131,0.2441,0.4080,0.3433,0.0648,0.0822,0.5261,0.3650
Comet,8,20553,9565,0.4654,0.2703,0.4667,0.3893,0.0774,0.0801,0.5432,0.3874
Comet,9,17609,8667,0.4922,0.2986,0.7256,0.4068,0.3188,0.0865,0.4999,0.6040
Comet,10,13680,6328,0.4626,0.3230,0.7667,0.3722,0.3945,0.1003,0.3592,0.5995
Comet,11,8869,3442,0.3881,0.3446,0.8957,0.3932,0.5025,0.1333,0.1190,0.5704
Comet,12,4016,1255,0.3125,0.3589,1.3060,0.4260,0.8800,0.2388,-0.1384,0.8010
Commercial District,1,12104,2955,0.2441,0.2844,0.6090,0.2944,0.3146,0.1524,-0.1525,0.2275
Commercial District,2,14234,2896,0.2035,0.2194,-0.1836,0.2283,-0.4120,0.1431,-0.0757,-0.4552
Commercial District,3,16440,3238,0.1970,0.2123,0.0802,0.2606,-0.1804,0.1439,-0.0748,-0.2231
Commercial District,4,18582,3766,0.2027,0.2136,-0.0402,0.2770,-0.3172,0.1323,-0.0523,-0.3470
Commercial District,5,20385,4377,0.2147,0.2196,0.0693,0.2811,-0.2119,0.1206,-0.0224,-0.2247
Commercial District,6,21858,4834,0.2212,0.2281,0.2369,0.3350,-0.0982,0.1135,-0.0308,-0.1158
Commercial District,7,23175,5685,0.2453,0.2441,0.1491,0.3433,-0.1942,0.1050,0.0049,-0.1914
Commercial District,8,23655,6577,0.2780,0.2703,0.0333,0.3893,-0.3561,0.0979,0.0281,-0.3400
Commercial District,9,22895,7513,0.3282,0.2986,0.1835,0.4068,-0.2234,0.0911,0.0945,-0.1694
Commercial District,10,19495,7547,0.3871,0.3230,0.2177,0.3722,-0.1545,0.0934,0.1811,-0.0512
Commercial District,11,12275,5634,0.4590,0.3446,0.2896,0.3932,-0.1036,0.1127,0.2868,0.0600
Commercial District,12,4840,2594,0.5360,0.3589,0.5266,0.4260,0.1006,0.1694,0.4011,0.3295
Convoy From Europa,1,16703,6964,0.4169,0.2844,-0.4305,0.2944,-0.7249,0.0950,0.3827,-0.5065
Convoy From Europa,2,16101,6621,0.4112,0.2194,-0.2168,0.2283,-0.4452,0.0953,0.6280,-0.0868
Convoy From Europa,3,15983,6616,0.4139,0.2123,0.0349,0.2606,-0.2256,0.0980,0.6680,0.1555
Convoy From Europa,4,16107,6656,0.4132,0.2136,0.3007,0.2770,0.0237,0.0975,0.6601,0.4004
Convoy From Europa,5,16191,6871,0.4244,0.2196,0.3159,0.2811,0.0348,0.0968,0.6589,0.4108
Convoy From Europa,6,16396,7347,0.4481,0.2281,0.3670,0.3350,0.0320,0.0921,0.6753,0.4174
Convoy From Europa,7,16245,7943,0.4890,0.2441,0.5810,0.3433,0.2377,0.0901,0.6947,0.6342
Convoy From Europa,8,15480,8212,0.5305,0.2703,0.5881,0.3893,0.1988,0.0871,0.6741,0.5835
Convoy From Europa,9,13789,7529,0.5460,0.2986,0.7443,0.4068,0.3375,0.0911,0.6036,0.6820
Convoy From Europa,10,11148,5816,0.5217,0.3230,0.6430,0.3722,0.2708,0.1029,0.4795,0.5445
Convoy From Europa,11,7144,3246,0.4544,0.3446,0.8351,0.3932,0.4418,0.1415,0.2766,0.5997
Convoy From Europa,12,3149,1293,0.4106,0.3589,0.5870,0.4260,0.1610,0.2292,0.1347,0.2379
Corporate Stronghold,1,9705,3474,0.3580,0.2844,0.3617,0.2944,0.0673,0.1380,0.2302,0.1986
Corporate Stronghold,2,10368,3091,0.2981,0.2194,0.2475,0.2283,0.0191,0.1398,0.3064,0.1940
Corporate Stronghold,3,11426,3422,0.2995,0.2123,0.1516,0.2606,-0.1090,0.1348,0.3443,0.0875
Corporate Stronghold,4,12174,3703,0.3042,0.2136,-0.0631,0.2770,-0.3401,0.1302,0.3537,-0.1383
Corporate Stronghold,5,13014,4036,0.3101,0.2196,-0.2380,0.2811,-0.5192,0.1207,0.3453,-0.3221
Corporate Stronghold,6,13663,4287,0.3138,0.2281,0.1330,0.3350,-0.2020,0.1208,0.3189,-0.0200
Corporate Stronghold,7,14062,4407,0.3134,0.2441,0.1744,0.3433,-0.1688,0.1219,0.2499,-0.0262
Corporate Stronghold,8,14305,4313,0.3015,0.2703,-0.0659,0.3893,-0.4552,0.1197,0.1091,-0.3929
Corporate Stronghold,9,14397,4342,0.3016,0.2986,0.1152,0.4068,-0.2916,0.1175,0.0101,-0.2858
Corporate Stronghold,10,13208,4013,0.3038,0.3230,-0.1478,0.3722,-0.5200,0.1300,-0.0611,-0.5549
Corporate Stronghold,11,9380,2770,0.2953,0.3446,0.1991,0.3932,-0.1941,0.1608,-0.1542,-0.2821
Corporate Stronghold,12,4260,1213,0.2847,0.3589,-0.0840,0.4260,-0.5099,0.2470,-0.2314,-0.6420
Cupola City,1,15425,4451,0.2886,0.2844,0.0275,0.2944,-0.2669,0.1187,0.0146,-0.2585
Cupola City,2,17200,4143,0.2409,0.2194,-0.2008,0.2283,-0.4292,0.1187,0.0931,-0.3760
Cupola City,3,19367,5094,0.2630,0.2123,-0.2459,0.2606,-0.5065,0.1072,0.2145,-0.3841
Cupola City,4,20845,6008,0.2882,0.2136,-0.0548,0.2770,-0.3318,0.1012,0.2998,-0.1607
Cupola City,5,21542,7017,0.3257,0.2196,-0.0623,0.2811,-0.3435,0.0944,0.3944,-0.1184
Cupola City,6,21556,7847,0.3640,0.2281,0.0117,0.3350,-0.3233,0.0864,0.4675,-0.0565
Cupola City,7,20841,8720,0.4184,0.2441,0.1304,0.3433,-0.2129,0.0853,0.5389,0.0947
Cupola City,8,19072,8862,0.4647,0.2703,0.1688,0.3893,-0.2205,0.0842,0.5416,0.0886
Cupola City,9,15746,7596,0.4824,0.2986,0.4001,0.4068,-0.0067,0.0920,0.4798,0.2671
Cupola City,10,11579,4399,0.3799,0.3230,0.3475,0.3722,-0.0248,0.1165,0.1623,0.0679
Cupola City,11,7136,1551,0.2173,0.3446,0.5533,0.3932,0.1601,0.1943,-0.4608,-0.1028
Cupola City,12,3136,284,0.0906,0.3589,-0.4815,0.4260,-0.9075,0.4610,-1.3770,-1.6933
Decomposers,1,13453,218,0.0162,0.2844,-1.2758,0.2944,-1.5701,0.4420,-2.8650,-3.2051
Decomposers,2,19078,386,0.0202,0.2194,-0.4185,0.2283,-0.6468,0.3768,-2.3838,-2.0073
Decomposers,3,24861,1178,0.0474,0.2123,-0.3180,0.2606,-0.5786,0.2262,-1.4995,-1.4344
Decomposers,4,30210,3092,0.1024,0.2136,-0.0597,0.2770,-0.3367,0.1459,-0.7355,-0.7564
Decomposers,5,34084,5977,0.1754,0.2196,0.1739,0.2811,-0.1073,0.1028,-0.2249,-0.2356
Decomposers,6,35328,9568,0.2708,0.2281,0.2128,0.3350,-0.1222,0.0787,0.1718,-0.0242
Decomposers,7,33239,13340,0.4013,0.2441,0.4383,0.3433,0.0950,0.0694,0.4972,0.3788
Decomposers,8,27131,14911,0.5496,0.2703,0.5988,0.3893,0.2094,0.0649,0.7095,0.6143
Decomposers,9,18776,12319,0.6561,0.2986,0.4078,0.4068,0.0009,0.0720,0.7873,0.4502
Decomposers,10,11798,8071,0.6841,0.3230,0.3988,0.3722,0.0266,0.0920,0.7505,0.4549
Decomposers,11,6473,4262,0.6584,0.3446,0.3863,0.3932,-0.0069,0.1264,0.6476,0.3626
Decomposers,12,2564,1642,0.6404,0.3589,0.4580,0.4260,0.0320,0.2171,0.5791,0.3625
Deep Well Heating,1,12800,4494,0.3511,0.2844,0.0443,0.2944,-0.2501,0.1120,0.2108,-0.1298
Deep Well Heating,2,13530,4418,0.3265,0.2194,-0.3233,0.2283,-0.5517,0.1121,0.3974,-0.3249
Deep Well Heating,3,14374,4942,0.3438,0.2123,-0.2176,0.2606,-0.4782,0.1093,0.4823,-0.2029
Deep Well Heating,4,14815,5495,0.3709,0.2136,-0.3637,0.2770,-0.6407,0.1025,0.5521,-0.3256
Deep Well Heating,5,14721,5391,0.3662,0.2196,-0.4816,0.2811,-0.7627,0.1063,0.5115,-0.4708
Deep Well Heating,6,14840,5187,0.3495,0.2281,-0.4061,0.3350,-0.7411,0.1060,0.4269,-0.4975
Deep Well Heating,7,14979,4638,0.3096,0.2441,-0.2543,0.3433,-0.5976,0.1125,0.2378,-0.4619
Deep Well Heating,8,15555,4606,0.2961,0.2703,-0.1662,0.3893,-0.5555,0.1153,0.0911,-0.5035
Deep Well Heating,9,15671,4443,0.2835,0.2986,0.5588,0.4068,0.1519,0.1176,-0.0517,0.1224
Deep Well Heating,10,14434,3926,0.2720,0.3230,0.5542,0.3722,0.1820,0.1240,-0.1718,0.0839
Deep Well Heating,11,10363,2639,0.2547,0.3446,0.6915,0.3932,0.2983,0.1539,-0.3023,0.1257
Deep Well Heating,12,4744,1145,0.2414,0.3589,1.6335,0.4260,1.2075,0.2458,-0.3967,0.9812
Deimos Down,1,17361,1020,0.0588,0.2844,0.3953,0.2944,0.1009,0.2337,-1.5769,-0.7990
Deimos Down,2,23020,1495,0.0649,0.2194,0.5009,0.2283,0.2725,0.2070,-1.2176,-0.4223
Deimos Down,3,28369,2753,0.0970,0.2123,0.8001,0.2606,0.5395,0.1507,-0.7826,0.0929
Deimos Down,4,32662,4128,0.1264,0.2136,0.8543,0.2770,0.5773,0.1265,-0.5246,0.2779
Deimos Down,5,35852,5330,0.1487,0.2196,0.5168,0.2811,0.2357,0.1054,-0.3900,0.0131
Deimos Down,6,37961,6408,0.1688,0.2281,0.4779,0.3350,0.1428,0.1009,-0.3010,-0.0289
Deimos Down,7,39221,8380,0.2137,0.2441,0.7668,0.3433,0.4236,0.0878,-0.1332,0.3476
Deimos Down,8,38439,11224,0.2920,0.2703,0.7946,0.3893,0.4053,0.0767,0.0771,0.4492
Deimos Down,9,33667,12980,0.3855,0.2986,1.0003,0.4068,0.5934,0.0695,0.2556,0.7393
Deimos Down,10,24991,11171,0.4470,0.3230,0.9838,0.3722,0.6116,0.0762,0.3249,0.7970
Deimos Down,11,14957,6673,0.4461,0.3446,1.2518,0.3932,0.8586,0.0985,0.2584,1.0060
Deimos Down,12,6431,2712,0.4217,0.3589,1.1212,0.4260,0.6952,0.1626,0.1613,0.7873
Designed Microorganisms,1,14687,6554,0.4462,0.2844,0.4004,0.2944,0.1060,0.0978,0.4506,0.3631
Designed Microorganisms,2,14237,6160,0.4327,0.2194,0.0932,0.2283,-0.1351,0.1005,0.6789,0.2523
Designed Microorganisms,3,14054,6035,0.4294,0.2123,0.1242,0.2606,-0.1364,0.1017,0.7047,0.2658
Designed Microorganisms,4,14045,5861,0.4173,0.2136,0.0634,0.2770,-0.2136,0.1042,0.6699,0.1687
Designed Microorganisms,5,14163,5813,0.4104,0.2196,-0.0852,0.2811,-0.3663,0.1011,0.6255,-0.0094
Designed Microorganisms,6,14030,5491,0.3914,0.2281,0.0165,0.3350,-0.3185,0.1046,0.5400,-0.0104
Designed Microorganisms,7,13536,4953,0.3659,0.2441,-0.2120,0.3433,-0.5552,0.1096,0.4048,-0.3242
Designed Microorganisms,8,12932,3886,0.3005,0.2703,-0.2602,0.3893,-0.6496,0.1190,0.1058,-0.5892
Designed Microorganisms,9,12121,2241,0.1849,0.2986,-0.1045,0.4068,-0.5113,0.1569,-0.4793,-0.7848
Designed Microorganisms,10,11309,905,0.0800,0.3230,-0.3380,0.3722,-0.7102,0.2597,-1.3953,-1.5064
Designed Microorganisms,11,8605,270,0.0314,0.3446,-0.3966,0.3932,-0.7898,0.4601,-2.3962,-2.1572
Designed Microorganisms,12,4149,66,0.0159,0.3589,-0.6160,0.4260,-1.0419,0.8512,-3.1162,-2.8203
Development Center,1,16608,618,0.0372,0.2844,0.4679,0.2944,0.1735,0.3004,-2.0337,-0.9871
Development Center,2,22720,9670,0.4256,0.2194,1.3280,0.2283,1.0997,0.0817,0.6624,1.4777
Development Center,3,19809,7301,0.3686,0.2123,1.1979,0.2606,0.9373,0.0924,0.5519,1.2522
Development Center,4,19323,7580,0.3923,0.2136,0.8626,0.2770,0.5855,0.0934,0.6081,0.9326
Development Center,5,18823,7714,0.4098,0.2196,0.9274,0.2811,0.6462,0.0901,0.6240,1.0023
Development Center,6,18256,7926,0.4342,0.2281,0.4732,0.3350,0.1382,0.0873,0.6437,0.5055
Development Center,7,17470,7948,0.4550,0.2441,0.4105,0.3433,0.0673,0.0904,0.6226,0.4226
Development Center,8,16056,7526,0.4687,0.2703,0.4765,0.3893,0.0871,0.0917,0.5504,0.4012
Development Center,9,14318,6793,0.4744,0.2986,0.1398,0.4068,-0.2670,0.0947,0.4631,-0.0027
Development Center,10,11629,5277,0.4538,0.3230,0.4236,0.3722,0.0514,0.1109,0.3400,0.2455
Development Center,11,7318,3182,0.4348,0.3446,0.0108,0.3932,-0.3824,0.1465,0.2327,-0.2496
Development Center,12,3057,1317,0.4308,0.3589,-0.1801,0.4260,-0.6060,0.2341,0.1827,-0.5018
Domed Crater,1,14792,2833,0.1915,0.2844,-0.4878,0.2944,-0.7822,0.1495,-0.3953,-1.0078
Domed Crater,2,17976,2678,0.1490,0.2194,-0.0584,0.2283,-0.2868,0.1485,-0.3873,-0.5078
Domed Crater,3,21409,3852,0.1799,0.2123,-0.0621,0.2606,-0.3227,0.1296,-0.1652,-0.4170
Domed Crater,4,24008,5182,0.2158,0.2136,-0.1870,0.2770,-0.4640,0.1091,0.0107,-0.4579
Domed Crater,5,25207,6338,0.2514,0.2196,0.0512,0.2811,-0.2300,0.1006,0.1355,-0.1526
Domed Crater,6,25588,7776,0.3039,0.2281,0.1055,0.3350,-0.2296,0.0901,0.2870,-0.0658
Domed Crater,7,24265,8725,0.3596,0.2441,0.2007,0.3433,-0.1425,0.0841,0.3873,0.0785
Domed Crater,8,21540,8274,0.3841,0.2703,0.3475,0.3893,-0.0418,0.0848,0.3513,0.1587
Domed Crater,9,17837,6176,0.3462,0.2986,0.5274,0.4068,0.1206,0.0972,0.1482,0.2051
Domed Crater,10,13557,2998,0.2211,0.3230,0.4305,0.3722,0.0583,0.1409,-0.3788,-0.1579
Domed Crater,11,8979,802,0.0893,0.3446,0.0878,0.3932,-0.3054,0.2719,-1.3500,-1.0759
Domed Crater,12,4160,129,0.0310,0.3589,-0.3038,0.4260,-0.7297,0.6279,-2.4487,-2.1272
Dust Seals,1,5142,2576,0.5010,0.2844,-0.9463,0.2944,-1.2407,0.1317,0.5663,-0.9175
Dust Seals,2,5108,2338,0.4577,0.2194,-0.4185,0.2283,-0.6468,0.1535,0.7351,-0.2273
Dust Seals,3,5415,2535,0.4681,0.2123,-0.3340,0.2606,-0.5946,0.1444,0.7910,-0.1432
Dust Seals,4,5583,2512,0.4499,0.2136,-0.1636,0.2770,-0.4406,0.1539,0.7452,-0.0153
Dust Seals,5,5969,2665,0.4465,0.2196,0.1008,0.2811,-0.1803,0.1497,0.7097,0.2247
Dust Seals,6,6306,2544,0.4034,0.2281,0.5636,0.3350,0.2286,0.1527,0.5703,0.5540
Dust Seals,7,6851,2340,0.3416,0.2441,0.5687,0.3433,0.2255,0.1585,0.3359,0.4172
Dust Seals,8,7514,1768,0.2353,0.2703,0.7264,0.3893,0.3370,0.1933,-0.1388,0.2578
Dust Seals,9,8465,1152,0.1361,0.2986,1.0381,0.4068,0.6313,0.2157,-0.7857,0.1829
Dust Seals,10,8970,534,0.0595,0.3230,0.4402,0.3722,0.0680,0.3115,-1.6911,-0.8971
Dust Seals,11,7454,185,0.0248,0.3446,0.8098,0.3932,0.4166,0.5126,-2.6307,-1.0847
Dust Seals,12,3746,43,0.0115,0.3589,1.4780,0.4260,1.0521,0.9337,-3.4425,-0.9125
Earth Catapult,1,17498,8392,0.4796,0.2844,2.3461,0.2944,2.0518,0.0874,0.5227,2.3500
Earth Catapult,2,16126,7924,0.4914,0.2194,2.1422,0.2283,1.9138,0.0888,0.8061,2.3738
Earth Catapult,3,15248,8185,0.5368,0.2123,1.7869,0.2606,1.5263,0.0875,0.9278,2.0558
Earth Catapult,4,14188,8061,0.5682,0.2136,1.6097,0.2770,1.3327,0.0877,0.9785,1.8911
Earth Catapult,5,13617,8093,0.5943,0.2196,1.3880,0.2811,1.1068,0.0845,0.9957,1.6751
Earth Catapult,6,13306,8180,0.6148,0.2281,1.2072,0.3350,0.8722,0.0857,0.9915,1.4380
Earth Catapult,7,13001,8500,0.6538,0.2441,0.9833,0.3433,0.6400,0.0852,0.9852,1.2023
Earth Catapult,8,12394,8932,0.7207,0.2703,0.8635,0.3893,0.4742,0.0814,0.9805,1.0338
Earth Catapult,9,11010,8347,0.7581,0.2986,0.7427,0.4068,0.3359,0.0866,0.9319,0.8677
Earth Catapult,10,8682,6514,0.7503,0.3230,0.3701,0.3722,-0.0021,0.0990,0.8428,0.4789
Earth Catapult,11,5642,4131,0.7322,0.3446,0.6378,0.3932,0.2446,0.1268,0.7538,0.6748
Earth Catapult,12,2521,1846,0.7322,0.3589,0.6159,0.4260,0.1899,0.1927,0.7131,0.5969
Earth Office,1,16973,9520,0.5609,0.2844,0.8273,0.2944,0.5329,0.0802,0.6793,0.9206
Earth Office,2,14350,6959,0.4849,0.2194,0.7034,0.2283,0.4750,0.0941,0.7929,0.9276
Earth Office,3,14180,7067,0.4984,0.2123,0.6619,0.2606,0.4013,0.0931,0.8536,0.8884
Earth Office,4,14014,7367,0.5257,0.2136,0.6678,0.2770,0.3908,0.0918,0.9008,0.9049
Earth Office,5,13762,7713,0.5605,0.2196,0.3987,0.2811,0.1176,0.0910,0.9370,0.6523
Earth Office,6,13317,7809,0.5864,0.2281,0.4620,0.3350,0.1270,0.0896,0.9443,0.6659
Earth Office,7,13023,8005,0.6147,0.2441,0.5952,0.3433,0.2519,0.0906,0.9235,0.7790
Earth Office,8,12352,8067,0.6531,0.2703,0.5797,0.3893,0.1903,0.0880,0.8821,0.6937
Earth Office,9,11157,7419,0.6650,0.2986,0.6498,0.4068,0.2430,0.0916,0.8007,0.7000
Earth Office,10,9280,6295,0.6783,0.3230,0.5667,0.3722,0.1945,0.1027,0.7420,0.6180
Earth Office,11,5980,4067,0.6801,0.3446,0.3707,0.3932,-0.0225,0.1286,0.6800,0.3656
Earth Office,12,2476,1676,0.6769,0.3589,0.6761,0.4260,0.2502,0.2033,0.6345,0.6123
Ecological Zone,1,17735,698,0.0394,0.2844,-0.8093,0.2944,-1.1037,0.2708,-1.9776,-2.2323
Ecological Zone,2,23561,1097,0.0466,0.2194,-0.6747,0.2283,-0.9030,0.2410,-1.5504,-1.7878
Ecological Zone,3,29236,2059,0.0704,0.2123,0.0126,0.2606,-0.2480,0.1790,-1.1032,-0.8776
Ecological Zone,4,34402,3767,0.1095,0.2136,0.3983,0.2770,0.1213,0.1316,-0.6680,-0.2599
Ecological Zone,5,38041,6457,0.1697,0.2196,0.4238,0.2811,0.1427,0.0985,-0.2575,-0.0043
Ecological Zone,6,39329,9185,0.2335,0.2281,0.5837,0.3350,0.2487,0.0832,0.0237,0.2622
Ecological Zone,7,38017,12368,0.3253,0.2441,0.6430,0.3433,0.2998,0.0720,0.2873,0.4637
Ecological Zone,8,33501,15496,0.4626,0.2703,0.7821,0.3893,0.3928,0.0644,0.5371,0.6993
Ecological Zone,9,25210,15300,0.6069,0.2986,0.6684,0.4068,0.2616,0.0650,0.7094,0.6664
Ecological Zone,10,15854,11237,0.7088,0.3230,0.4181,0.3722,0.0459,0.0776,0.7859,0.4944
Ecological Zone,11,7964,6049,0.7595,0.3446,0.5546,0.3932,0.1614,0.1054,0.7905,0.6125
Ecological Zone,12,2836,2251,0.7937,0.3589,0.3877,0.4260,-0.0383,0.1826,0.7938,0.4147
Electro Catapult,1,16586,6585,0.3970,0.2844,1.1299,0.2944,0.8355,0.0970,0.3337,1.0260
Electro Catapult,2,16375,6798,0.4151,0.2194,0.8376,0.2283,0.6092,0.0963,0.6375,0.9731
Electro Catapult,3,16064,6787,0.4225,0.2123,0.5430,0.2606,0.2824,0.0961,0.6884,0.6753
Electro Catapult,4,15882,7437,0.4683,0.2136,0.5240,0.2770,0.2469,0.0916,0.7851,0.6950
Electro Catapult,5,15289,7629,0.4990,0.2196,0.1556,0.2811,-0.1256,0.0901,0.8209,0.3429
Electro Catapult,6,14580,7538,0.5170,0.2281,0.0887,0.3350,-0.2463,0.0878,0.8184,0.2207
Electro Catapult,7,13693,7201,0.5259,0.2441,0.0667,0.3433,-0.2766,0.0905,0.7675,0.1615
Electro Catapult,8,12397,6181,0.4986,0.2703,0.0162,0.3893,-0.3731,0.0984,0.6121,-0.0238
Electro Catapult,9,10861,4186,0.3854,0.2986,0.0554,0.4068,-0.3514,0.1176,0.2553,-0.2057
Electro Catapult,10,9276,2021,0.2179,0.3230,0.1956,0.3722,-0.1766,0.1687,-0.3937,-0.4013
Electro Catapult,11,6652,539,0.0810,0.3446,-0.2851,0.3932,-0.6783,0.3013,-1.4475,-1.5044
Electro Catapult,12,3291,79,0.0240,0.3589,-0.1159,0.4260,-0.5419,0.9229,-2.7047,-2.0854
Energy Saving,1,3401,25,0.0074,0.2844,-1.8876,0.2944,-2.1820,0.7724,-3.6555,-4.2681
Energy Saving,2,4904,88,0.0179,0.2194,-0.1238,0.2283,-0.3521,0.9494,-2.5038,-1.7810
Energy Saving,3,6512,176,0.0270,0.2123,0.0804,0.2606,-0.1802,0.6135,-2.0609,-1.3563
Energy Saving,4,8298,311,0.0375,0.2136,-0.0470,0.2770,-0.3240,0.4583,-1.7401,-1.3171
Energy Saving,5,10227,461,0.0451,0.2196,-0.4037,0.2811,-0.6849,0.3561,-1.5833,-1.5884
Energy Saving,6,12423,703,0.0566,0.2281,0.0387,0.3350,-0.2964,0.2961,-1.3939,-1.0918
Energy Saving,7,14628,1007,0.0688,0.2441,-0.0116,0.3433,-0.3549,0.2515,-1.2658,-1.0772
Energy Saving,8,16691,1359,0.0814,0.2703,-0.3667,0.3893,-0.7560,0.1953,-1.2000,-1.4408
Energy Saving,9,18190,1730,0.0951,0.2986,-0.2321,0.4068,-0.6390,0.1817,-1.1440,-1.2918
Energy Saving,10,17611,1627,0.0924,0.3230,-0.0370,0.3722,-0.4092,0.1900,-1.2517,-1.1235
Energy Saving,11,13112,1165,0.0888,0.3446,-0.1500,0.3932,-0.5432,0.2240,-1.3553,-1.3167
Energy Saving,12,5994,478,0.0797,0.3589,0.2614,0.4260,-0.1646,0.4132,-1.5041,-1.0229
Energy Tapping,1,13872,4215,0.3038,0.2844,1.3349,0.2944,1.0405,0.1210,0.0663,1.0783
Energy Tapping,2,14820,4043,0.2728,0.2194,0.9059,0.2283,0.6776,0.1251,0.2176,0.8018
Energy Tapping,3,16041,4748,0.2960,0.2123,0.5864,0.2606,0.3258,0.1148,0.3326,0.5156
Energy Tapping,4,16262,5078,0.3123,0.2136,0.1111,0.2770,-0.1659,0.1136,0.3800,0.0509
Energy Tapping,5,16016,5500,0.3434,0.2196,0.0715,0.2811,-0.2096,0.1096,0.4472,0.0456
Energy Tapping,6,15174,5140,0.3387,0.2281,-0.0189,0.3350,-0.3539,0.1116,0.3955,-0.1282
Energy Tapping,7,14289,4458,0.3120,0.2441,-0.0795,0.3433,-0.4228,0.1189,0.2454,-0.2827
Energy Tapping,8,13682,3620,0.2646,0.2703,-0.0278,0.3893,-0.4171,0.1286,-0.0215,-0.4294
Energy Tapping,9,13124,2362,0.1800,0.2986,-0.1336,0.4068,-0.5405,0.1694,-0.5062,-0.8293
Energy Tapping,10,12221,1335,0.1092,0.3230,-0.1589,0.3722,-0.5311,0.2217,-1.0841,-1.1498
Energy Tapping,11,8996,600,0.0667,0.3446,0.0207,0.3932,-0.3725,0.3448,-1.6421,-1.3097
Energy Tapping,12,4277,169,0.0395,0.3589,-0.3570,0.4260,-0.7829,0.6706,-2.2063,-2.0421
Eos Chasma National Park,1,9024,15,0.0017,0.2844,-4.2422,0.2944,-4.5366,1.4720,-5.1421,-7.4711
Eos Chasma National Park,2,12496,1,0.0001,0.2194,14.4712,0.2283,14.2428,,-7.9165,9.7249
Eos Chasma National Park,3,16407,1,0.0001,0.2123,-2.2846,0.2606,-2.5452,,-8.1555,-7.1994
Eos Chasma National Park,4,20914,32,0.0015,0.2136,-1.0160,0.2770,-1.2930,1.3421,-4.9386,-4.1114
Eos Chasma National Park,5,26059,173,0.0066,0.2196,0.6330,0.2811,0.3518,0.5914,-3.4988,-1.6449
Eos Chasma National Park,6,31646,788,0.0249,0.2281,1.1723,0.3350,0.8373,0.2935,-2.2148,-0.4267
Eos Chasma National Park,7,37125,2240,0.0603,0.2441,0.8435,0.3433,0.5002,0.1754,-1.3976,-0.2974
Eos Chasma National Park,8,41343,5071,0.1227,0.2703,0.7390,0.3893,0.3496,0.1183,-0.7903,-0.1014
Eos Chasma National Park,9,41823,9363,0.2239,0.2986,0.6469,0.4068,0.2400,0.0844,-0.2879,0.0757
Eos Chasma National Park,10,35630,13148,0.3690,0.3230,0.5234,0.3722,0.1512,0.0729,0.1332,0.2272
Eos Chasma National Park,11,21795,10723,0.4920,0.3446,0.4471,0.3932,0.0539,0.0810,0.3562,0.2571
Eos Chasma National Park,12,8384,4918,0.5866,0.3589,0.0658,0.4260,-0.3602,0.1244,0.4913,-0.0797
Equatorial Magnetizer,1,3239,155,0.0479,0.2844,-0.8061,0.2944,-1.1005,0.5252,-1.7821,-2.1175
Equatorial Magnetizer,2,4329,181,0.0418,0.2194,-1.8712,0.2283,-2.0996,0.4507,-1.6580,-3.0458
Equatorial Magnetizer,3,5620,235,0.0418,0.2123,-0.1558,0.2606,-0.4164,0.5075,-1.6245,-1.3435
Equatorial Magnetizer,4,7093,337,0.0475,0.2136,0.1588,0.2770,-0.1182,0.4311,-1.5029,-0.9759
Equatorial Magnetizer,5,8770,514,0.0586,0.2196,0.6566,0.2811,0.3754,0.3358,-1.3208,-0.3783
Equatorial Magnetizer,6,10723,846,0.0789,0.2281,0.6609,0.3350,0.3259,0.2885,-1.0616,-0.2800
Equatorial Magnetizer,7,12677,1256,0.0991,0.2441,1.2122,0.3433,0.8689,0.2362,-0.9017,0.3543
Equatorial Magnetizer,8,14527,1712,0.1178,0.2703,0.8278,0.3893,0.4385,0.2029,-0.8302,-0.0353
Equatorial Magnetizer,9,15845,2222,0.1402,0.2986,0.8691,0.4068,0.4623,0.1736,-0.7557,0.0310
Equatorial Magnetizer,10,15328,2473,0.1613,0.3230,0.6150,0.3722,0.2428,0.1701,-0.6941,-0.1534
Equatorial Magnetizer,11,11343,1897,0.1672,0.3446,0.5101,0.3932,0.1169,0.1954,-0.7228,-0.2956
Equatorial Magnetizer,12,5240,951,0.1815,0.3589,0.4341,0.4260,0.0082,0.2839,-0.6818,-0.3809
Excentric Sponsor,1,9196,5592,0.6081,0.2844,-0.1608,0.2944,-0.4552,0.1099,0.7601,-0.0214
Excentric Sponsor,2,3605,1,0.0003,0.2194,-2.0474,0.2283,-2.2758,,-6.6734,-6.0842
Excentric Sponsor,3,3604,0,0.0000,0.2123,,0.2606,,,,
Excentric Sponsor,4,3604,0,0.0000,0.2136,,0.2770,,,,
Excentric Sponsor,5,3604,0,0.0000,0.2196,,0.2811,,,,
Excentric Sponsor,6,3599,0,0.0000,0.2281,,0.3350,,,,
Excentric Sponsor,7,3575,0,0.0000,0.2441,,0.3433,,,,
Excentric Sponsor,8,3492,0,0.0000,0.2703,,0.3893,,,,
Excentric Sponsor,9,3296,0,0.0000,0.2986,,0.4068,,,,
Excentric Sponsor,10,2840,0,0.0000,0.3230,,0.3722,,,,
Excentric Sponsor,11,1844,0,0.0000,0.3446,,0.3932,,,,
Excentric Sponsor,12,788,0,0.0000,0.3589,,0.4260,,,,
Extreme-Cold Fungus,1,7151,1408,0.1969,0.2844,-0.3600,0.2944,-0.6544,0.1803,-0.3676,-0.8642
Extreme-Cold Fungus,2,8833,1683,0.1905,0.2194,-0.4839,0.2283,-0.7123,0.1720,-0.1413,-0.7929
Extreme-Cold Fungus,3,10405,2003,0.1925,0.2123,0.0079,0.2606,-0.2526,0.1688,-0.0977,-0.3084
Extreme-Cold Fungus,4,11700,2267,0.1938,0.2136,-0.1777,0.2770,-0.4547,0.1563,-0.0973,-0.5102
Extreme-Cold Fungus,5,13017,2547,0.1957,0.2196,-0.2404,0.2811,-0.5216,0.1501,-0.1153,-0.5874
Extreme-Cold Fungus,6,14271,2905,0.2036,0.2281,-0.1531,0.3350,-0.4881,0.1399,-0.1137,-0.5531
Extreme-Cold Fungus,7,15041,2988,0.1987,0.2441,-0.1778,0.3433,-0.5210,0.1310,-0.2060,-0.6386
Extreme-Cold Fungus,8,15530,2840,0.1829,0.2703,0.1886,0.3893,-0.2007,0.1443,-0.3909,-0.4238
Extreme-Cold Fungus,9,15384,2164,0.1407,0.2986,0.1494,0.4068,-0.2574,0.1563,-0.7526,-0.6869
Extreme-Cold Fungus,10,14341,1041,0.0726,0.3230,0.3764,0.3722,0.0042,0.2272,-1.4928,-0.8477
Extreme-Cold Fungus,11,10713,386,0.0360,0.3446,0.0599,0.3932,-0.3333,0.3649,-2.2579,-1.6219
Extreme-Cold Fungus,12,5017,101,0.0201,0.3589,1.1142,0.4260,0.6883,0.7293,-2.8807,-0.9557
Farming,1,9858,1123,0.1139,0.2844,0.8872,0.2944,0.5928,0.2281,-0.9148,0.0708
Farming,2,12264,0,0.0000,0.2194,,0.2283,,,,
Farming,3,16174,0,0.0000,0.2123,,0.2606,,,,
Farming,4,20453,0,0.0000,0.2136,,0.2770,,,,
Farming,5,25260,2,0.0001,0.2196,-1.3193,0.2811,-1.6004,6.0990,-7.9278,-6.1247
Farming,6,30646,64,0.0021,0.2281,2.5797,0.3350,2.2446,0.8399,-4.6933,-0.4338
Farming,7,36657,562,0.0153,0.2441,2.0053,0.3433,1.6620,0.3589,-2.7677,0.0825
Farming,8,42289,2889,0.0683,0.2703,1.2613,0.3893,0.8719,0.1592,-1.3755,0.0870
Farming,9,44773,7806,0.1743,0.2986,0.6640,0.4068,0.2571,0.0935,-0.5380,-0.0499
Farming,10,39590,12110,0.3059,0.3230,0.4728,0.3722,0.1006,0.0760,-0.0544,0.0696
Farming,11,25827,10498,0.4065,0.3446,0.3457,0.3932,-0.0475,0.0835,0.1653,0.0469
Farming,12,11062,5323,0.4812,0.3589,0.3796,0.4260,-0.0464,0.1234,0.2933,0.1210
Fish,1,10352,190,0.0184,0.2844,-2.2086,0.2944,-2.5029,0.4643,-2.7404,-4.0669
Fish,2,15102,0,0.0000,0.2194,,0.2283,,,,
Fish,3,20508,0,0.0000,0.2123,,0.2606,,,,
Fish,4,26212,0,0.0000,0.2136,,0.2770,,,,
Fish,5,32407,13,0.0004,0.2196,5.8487,0.2811,5.5676,2.0554,-6.3051,1.9693
Fish,6,39147,127,0.0032,0.2281,2.3729,0.3350,2.0379,0.7631,-4.2528,-0.3892
Fish,7,46064,1061,0.0230,0.2441,1.4679,0.3433,1.1246,0.2678,-2.3606,-0.2226
Fish,8,51726,4988,0.0964,0.2703,1.1283,0.3893,0.7390,0.1166,-1.0308,0.1507
Fish,9,52125,12191,0.2339,0.2986,0.7520,0.4068,0.3452,0.0746,-0.2442,0.2058
Fish,10,42465,16330,0.3846,0.3230,0.4374,0.3722,0.0652,0.0647,0.1745,0.1647
Fish,11,25291,12477,0.4933,0.3446,0.3871,0.3932,-0.0061,0.0749,0.3589,0.1988
Fish,12,10132,5668,0.5594,0.3589,0.3276,0.4260,-0.0984,0.1146,0.4439,0.1550
Flooding,1,13059,6035,0.4621,0.2844,0.2393,0.2944,-0.0551,0.1067,0.4856,0.2220
Flooding,2,12336,5075,0.4114,0.2194,0.3401,0.2283,0.1117,0.1126,0.6284,0.4704
Flooding,3,12505,4837,0.3868,0.2123,0.1104,0.2606,-0.1502,0.1144,0.6002,0.1923
Flooding,4,13265,5186,0.3910,0.2136,0.3744,0.2770,0.0974,0.1144,0.6047,0.4425
Flooding,5,13755,5439,0.3954,0.2196,0.1307,0.2811,-0.1504,0.1083,0.5882,0.1853
Flooding,6,13887,5620,0.4047,0.2281,0.3330,0.3350,-0.0020,0.1059,0.5734,0.3252
Flooding,7,14053,5917,0.4210,0.2441,0.5510,0.3433,0.2078,0.1054,0.5452,0.5189
Flooding,8,13971,5877,0.4207,0.2703,0.5660,0.3893,0.1767,0.1047,0.4422,0.4290
Flooding,9,13057,5071,0.3884,0.2986,0.6683,0.4068,0.2614,0.1133,0.2630,0.4115
Flooding,10,11368,3474,0.3056,0.3230,0.7267,0.3722,0.3545,0.1341,-0.0554,0.3229
Flooding,11,8119,1693,0.2085,0.3446,0.8191,0.3932,0.4259,0.1936,-0.5022,0.1393
Flooding,12,3848,558,0.1450,0.3589,1.6964,0.4260,1.2704,0.3732,-0.9062,0.7533
Food Factory,1,4662,1206,0.2587,0.2844,-0.2186,0.2944,-0.5130,0.2081,-0.0946,-0.5670
Food Factory,2,5670,984,0.1735,0.2194,-0.2720,0.2283,-0.5003,0.2265,-0.2347,-0.6342
Food Factory,3,6995,1072,0.1533,0.2123,-1.1262,0.2606,-1.3868,0.2110,-0.3257,-1.5727
Food Factory,4,8388,1155,0.1377,0.2136,-0.6056,0.2770,-0.8826,0.2102,-0.4388,-1.1330
Food Factory,5,9964,1361,0.1366,0.2196,-0.7672,0.2811,-1.0484,0.1975,-0.4747,-1.3193
Food Factory,6,11644,1515,0.1301,0.2281,-0.5037,0.3350,-0.8388,0.1941,-0.5613,-1.1591
Food Factory,7,13404,1767,0.1318,0.2441,-0.4360,0.3433,-0.7793,0.1744,-0.6161,-1.1308
Food Factory,8,15160,1927,0.1271,0.2703,-0.2716,0.3893,-0.6609,0.1711,-0.7546,-1.0915
Food Factory,9,16511,2307,0.1397,0.2986,-0.2057,0.4068,-0.6126,0.1653,-0.7593,-1.0459
Food Factory,10,16159,2548,0.1577,0.3230,0.0165,0.3722,-0.3557,0.1585,-0.7170,-0.7649
Food Factory,11,12302,2418,0.1966,0.3446,0.1966,0.3932,-0.1966,0.1727,-0.5613,-0.5170
Food Factory,12,5625,1329,0.2363,0.3589,0.3306,0.4260,-0.0954,0.2489,-0.4180,-0.3339
Fuel Factory,1,15222,8015,0.5265,0.2844,0.4497,0.2944,0.1553,0.0884,0.6161,0.5069
Fuel Factory,2,13233,5972,0.4513,0.2194,0.2215,0.2283,-0.0068,0.1028,0.7210,0.4047
Fuel Factory,3,13275,6149,0.4632,0.2123,0.0268,0.2606,-0.2338,0.1000,0.7804,0.2115
Fuel Factory,4,13184,6215,0.4714,0.2136,0.2301,0.2770,-0.0469,0.1000,0.7918,0.4049
Fuel Factory,5,12942,6317,0.4881,0.2196,0.0351,0.2811,-0.2460,0.0968,0.7988,0.2098
Fuel Factory,6,12660,6324,0.4995,0.2281,0.0674,0.3350,-0.2676,0.0957,0.7840,0.1798
Fuel Factory,7,12152,5934,0.4883,0.2441,-0.0575,0.3433,-0.4008,0.0989,0.6934,-0.0050
Fuel Factory,8,11640,5289,0.4544,0.2703,-0.0393,0.3893,-0.4287,0.1035,0.5193,-0.1323
Fuel Factory,9,10862,4178,0.3846,0.2986,-0.2502,0.4068,-0.6570,0.1161,0.2533,-0.5125
Fuel Factory,10,9443,2651,0.2807,0.3230,0.0321,0.3722,-0.3401,0.1471,-0.1402,-0.4201
Fuel Factory,11,6712,1304,0.1943,0.3446,0.2027,0.3932,-0.1905,0.2239,-0.5730,-0.5175
Fuel Factory,12,3115,493,0.1583,0.3589,0.1875,0.4260,-0.2385,0.3756,-0.8187,-0.7057
Fueled Generators,1,11564,3539,0.3060,0.2844,-0.1302,0.2944,-0.4246,0.1373,0.0734,-0.3827
Fueled Generators,2,12395,3489,0.2815,0.2194,-0.0361,0.2283,-0.2644,0.1337,0.2490,-0.1223
Fueled Generators,3,13278,4003,0.3015,0.2123,-0.2901,0.2606,-0.5507,0.1232,0.3509,-0.3504
Fueled Generators,4,13644,4378,0.3209,0.2136,-0.4308,0.2770,-0.7078,0.1180,0.4072,-0.4755
Fueled Generators,5,13633,4365,0.3202,0.2196,-0.1175,0.2811,-0.3986,0.1231,0.3772,-0.1834
Fueled Generators,6,13428,4048,0.3015,0.2281,-0.0353,0.3350,-0.3703,0.1250,0.2789,-0.2112
Fueled Generators,7,13366,3455,0.2585,0.2441,-0.0968,0.3433,-0.4400,0.1364,0.0573,-0.4073
Fueled Generators,8,13618,2870,0.2108,0.2703,-0.0570,0.3893,-0.4464,0.1455,-0.2490,-0.5885
Fueled Generators,9,13915,2441,0.1754,0.2986,-0.1336,0.4068,-0.5404,0.1630,-0.5318,-0.8439
Fueled Generators,10,13059,1860,0.1424,0.3230,0.3008,0.3722,-0.0714,0.1973,-0.8188,-0.5387
Fueled Generators,11,9654,1220,0.1264,0.3446,0.2777,0.3932,-0.1155,0.2426,-1.0030,-0.6879
Fueled Generators,12,4436,494,0.1114,0.3589,-0.0974,0.4260,-0.5234,0.3700,-1.1702,-1.1912
Fusion Power,1,9284,891,0.0960,0.2844,0.6470,0.2944,0.3526,0.2654,-1.0862,-0.2673
Fusion Power,2,12652,1264,0.0999,0.2194,0.5944,0.2283,0.3661,0.2146,-0.7869,-0.0830
Fusion Power,3,15702,2214,0.1410,0.2123,0.3075,0.2606,0.0469,0.1666,-0.4090,-0.1865
Fusion Power,4,18295,3070,0.1678,0.2136,0.2242,0.2770,-0.0528,0.1447,-0.2411,-0.1904
Fusion Power,5,20096,4162,0.2071,0.2196,-0.2107,0.2811,-0.4918,0.1256,-0.0585,-0.5252
Fusion Power,6,20948,4909,0.2343,0.2281,-0.1983,0.3350,-0.5333,0.1112,0.0271,-0.5179
Fusion Power,7,21199,5116,0.2413,0.2441,-0.1456,0.3433,-0.4888,0.1093,-0.0114,-0.4953
Fusion Power,8,21006,5045,0.2402,0.2703,-0.4196,0.3893,-0.8089,0.1084,-0.1183,-0.8764
Fusion Power,9,19997,4676,0.2338,0.2986,-0.3367,0.4068,-0.7435,0.1125,-0.2444,-0.8830
Fusion Power,10,17388,3417,0.1965,0.3230,0.0017,0.3722,-0.3705,0.1352,-0.4969,-0.6541
Fusion Power,11,12057,2052,0.1702,0.3446,0.2005,0.3932,-0.1927,0.1890,-0.7053,-0.5952
Fusion Power,12,5360,880,0.1642,0.3589,0.1640,0.4260,-0.2620,0.2808,-0.7820,-0.7083
GHG Factories,1,11492,4572,0.3978,0.2844,-0.1993,0.2944,-0.4936,0.1215,0.3358,-0.3020
GHG Factories,2,11398,3646,0.3199,0.2194,-0.1679,0.2283,-0.3962,0.1366,0.3768,-0.1812
GHG Factories,3,12016,3660,0.3046,0.2123,-0.2609,0.2606,-0.5215,0.1336,0.3612,-0.3154
GHG Factories,4,12409,3409,0.2747,0.2136,-0.2733,0.2770,-0.5503,0.1373,0.2519,-0.4065
GHG Factories,5,13013,3306,0.2541,0.2196,-0.3345,0.2811,-0.6156,0.1397,0.1458,-0.5324
GHG Factories,6,13612,3042,0.2235,0.2281,-0.5551,0.3350,-0.8901,0.1424,-0.0204,-0.9017
GHG Factories,7,14380,2711,0.1885,0.2441,0.0390,0.3433,-0.3043,0.1535,-0.2583,-0.4517
GHG Factories,8,15224,2407,0.1581,0.2703,-0.2326,0.3893,-0.6219,0.1576,-0.5364,-0.9280
GHG Factories,9,15818,1967,0.1244,0.2986,-0.2395,0.4068,-0.6463,0.1802,-0.8759,-1.1462
GHG Factories,10,15112,1460,0.0966,0.3230,0.1833,0.3722,-0.1889,0.2072,-1.2069,-0.8777
GHG Factories,11,11486,806,0.0702,0.3446,-0.0624,0.3932,-0.4556,0.2723,-1.5913,-1.3638
GHG Factories,12,5534,349,0.0631,0.3589,0.2688,0.4260,-0.1571,0.4353,-1.7388,-1.1495
GHG Producing Bacteria,1,6706,146,0.0218,0.2844,0.1580,0.2944,-0.1364,0.6258,-2.5697,-1.6028
GHG Producing Bacteria,2,9659,204,0.0211,0.2194,1.3682,0.2283,1.1398,0.5874,-2.3409,-0.1961
GHG Producing Bacteria,3,12882,680,0.0528,0.2123,0.7110,0.2606,0.4504,0.3027,-1.3915,-0.3437
GHG Producing Bacteria,4,15990,1759,0.1100,0.2136,1.0375,0.2770,0.7605,0.1944,-0.6634,0.3819
GHG Producing Bacteria,5,18217,3008,0.1651,0.2196,0.7615,0.2811,0.4804,0.1487,-0.2850,0.3177
GHG Producing Bacteria,6,19429,4214,0.2169,0.2281,0.2835,0.3350,-0.0515,0.1228,-0.0503,-0.0802
GHG Producing Bacteria,7,19526,5020,0.2571,0.2441,0.2827,0.3433,-0.0606,0.1100,0.0519,-0.0310
GHG Producing Bacteria,8,18621,4669,0.2507,0.2703,0.2782,0.3893,-0.1111,0.1174,-0.0752,-0.1540
GHG Producing Bacteria,9,17416,3576,0.2053,0.2986,0.2547,0.4068,-0.1521,0.1314,-0.3744,-0.3658
GHG Producing Bacteria,10,15604,2327,0.1491,0.3230,0.4533,0.3722,0.0811,0.1690,-0.7728,-0.3599
GHG Producing Bacteria,11,11543,1427,0.1236,0.3446,0.4645,0.3932,0.0712,0.2132,-1.0250,-0.5137
GHG Producing Bacteria,12,5288,625,0.1182,0.3589,0.3007,0.4260,-0.1252,0.3584,-1.1107,-0.7591
Ganymede Colony,1,14207,229,0.0161,0.2844,-0.8145,0.2944,-1.1089,0.3511,-2.8703,-2.7469
Ganymede Colony,2,19107,338,0.0177,0.2194,-1.7672,0.2283,-1.9955,0.2657,-2.5181,-3.4326
Ganymede Colony,3,23879,552,0.0231,0.2123,-1.5211,0.2606,-1.7817,0.2788,-2.2172,-3.0470
Ganymede Colony,4,28696,986,0.0344,0.2136,-0.8619,0.2770,-1.1390,0.2048,-1.8270,-2.1816
Ganymede Colony,5,33370,1498,0.0449,0.2196,-0.7463,0.2811,-1.0274,0.1851,-1.5875,-1.9334
Ganymede Colony,6,37830,2070,0.0547,0.2281,-0.4632,0.3350,-0.7983,0.1651,-1.4275,-1.6129
Ganymede Colony,7,41782,2385,0.0571,0.2441,-0.3510,0.3433,-0.6943,0.1568,-1.4531,-1.5235
Ganymede Colony,8,45187,2581,0.0571,0.2703,0.2223,0.3893,-0.1670,0.1531,-1.5545,-1.0542
Ganymede Colony,9,47103,4009,0.0851,0.2986,0.0822,0.4068,-0.3246,0.1276,-1.2550,-1.0409
Ganymede Colony,10,44321,8937,0.2016,0.3230,0.1137,0.3722,-0.2585,0.0880,-0.4711,-0.5273
Ganymede Colony,11,31476,12313,0.3912,0.3446,0.5382,0.3932,0.1450,0.0781,0.1269,0.2174
Ganymede Colony,12,13239,7111,0.5371,0.3589,0.9061,0.4260,0.4802,0.1043,0.4032,0.7103
Gene Repair,1,11720,294,0.0251,0.2844,0.2825,0.2944,-0.0119,0.4972,-2.4280,-1.3975
Gene Repair,2,16852,1087,0.0645,0.2194,0.1059,0.2283,-0.1224,0.2327,-1.2244,-0.8212
Gene Repair,3,21352,2403,0.1125,0.2123,0.9336,0.2606,0.6730,0.1661,-0.6344,0.3109
Gene Repair,4,24980,4098,0.1641,0.2136,0.5522,0.2770,0.2751,0.1223,-0.2637,0.1247
Gene Repair,5,27288,5568,0.2040,0.2196,0.8292,0.2811,0.5481,0.1068,-0.0734,0.5062
Gene Repair,6,28585,6924,0.2422,0.2281,0.4831,0.3350,0.1481,0.0949,0.0602,0.1824
Gene Repair,7,28710,7986,0.2782,0.2441,0.0647,0.3433,-0.2786,0.0879,0.1306,-0.2040
Gene Repair,8,27587,9046,0.3279,0.2703,0.1989,0.3893,-0.1904,0.0823,0.1931,-0.0802
Gene Repair,9,24587,9197,0.3741,0.2986,0.0900,0.4068,-0.3169,0.0835,0.2254,-0.1882
Gene Repair,10,19731,8458,0.4287,0.3230,0.1015,0.3722,-0.2707,0.0881,0.2831,-0.1092
Gene Repair,11,12082,6108,0.5055,0.3446,-0.0525,0.3932,-0.4458,0.1092,0.3834,-0.2270
Gene Repair,12,4516,2606,0.5771,0.3589,0.4840,0.4260,0.0581,0.1702,0.4750,0.3291
Geothermal Power,1,14489,6279,0.4334,0.2844,0.1771,0.2944,-0.1173,0.0968,0.4213,0.1231
Geothermal Power,2,13514,5037,0.3727,0.2194,-0.0112,0.2283,-0.2396,0.1147,0.5297,0.0627
Geothermal Power,3,13746,5156,0.3751,0.2123,-0.1811,0.2606,-0.4417,0.1064,0.5694,-0.1168
Geothermal Power,4,13562,4842,0.3570,0.2136,-0.1694,0.2770,-0.4465,0.1115,0.5139,-0.1532
Geothermal Power,5,13759,4809,0.3495,0.2196,-0.3085,0.2811,-0.5896,0.1123,0.4648,-0.3244
Geothermal Power,6,13772,4183,0.3037,0.2281,-0.2692,0.3350,-0.6043,0.1200,0.2864,-0.4408
Geothermal Power,7,14056,3639,0.2589,0.2441,-0.4227,0.3433,-0.7659,0.1251,0.0589,-0.7323
Geothermal Power,8,14745,3261,0.2212,0.2703,-0.2794,0.3893,-0.6688,0.1371,-0.2008,-0.7833
Geothermal Power,9,15144,2675,0.1766,0.2986,-0.2670,0.4068,-0.6738,0.1476,-0.5249,-0.9734
Geothermal Power,10,14381,1929,0.1341,0.3230,0.0613,0.3722,-0.3109,0.1806,-0.8788,-0.8124
Geothermal Power,11,10639,1103,0.1037,0.3446,-0.1868,0.3932,-0.5800,0.2380,-1.2010,-1.2654
Geothermal Power,12,4981,448,0.0899,0.3589,-0.0230,0.4260,-0.4489,0.3796,-1.3838,-1.2386
Giant Ice Asteroid,1,17382,1744,0.1003,0.2844,0.8023,0.2944,0.5079,0.1967,-1.0418,-0.0866
Giant Ice Asteroid,2,22434,1944,0.0867,0.2194,1.2170,0.2283,0.9887,0.1809,-0.9292,0.4584
Giant Ice Asteroid,3,27463,3596,0.1309,0.2123,1.4186,0.2606,1.1580,0.1351,-0.4830,0.8824
Giant Ice Asteroid,4,31103,5464,0.1757,0.2136,1.1117,0.2770,0.8347,0.1056,-0.1953,0.7233
Giant Ice Asteroid,5,33053,7121,0.2154,0.2196,0.9205,0.2811,0.6394,0.0956,-0.0190,0.6285
Giant Ice Asteroid,6,33569,8497,0.2531,0.2281,1.0920,0.3350,0.7570,0.0856,0.1042,0.8164
Giant Ice Asteroid,7,32880,10015,0.3046,0.2441,0.9779,0.3433,0.6346,0.0785,0.2214,0.7610
Giant Ice Asteroid,8,30521,11673,0.3825,0.2703,0.8016,0.3893,0.4122,0.0733,0.3470,0.6102
Giant Ice Asteroid,9,25706,11517,0.4480,0.2986,0.9834,0.4068,0.5766,0.0726,0.4059,0.8082
Giant Ice Asteroid,10,18931,8480,0.4479,0.3230,1.0183,0.3722,0.6461,0.0852,0.3270,0.8327
Giant Ice Asteroid,11,11700,4375,0.3739,0.3446,1.0126,0.3932,0.6194,0.1180,0.0818,0.6661
Giant Ice Asteroid,12,5278,1551,0.2939,0.3589,1.1119,0.4260,0.6859,0.1953,-0.1999,0.5719
Giant Space Mirror,1,13681,4964,0.3628,0.2844,0.1650,0.2944,-0.1294,0.1094,0.2437,0.0097
Giant Space Mirror,2,13499,4637,0.3435,0.2194,0.2348,0.2283,0.0065,0.1141,0.4481,0.2622
Giant Space Mirror,3,13498,4706,0.3486,0.2123,-0.0910,0.2606,-0.3515,0.1133,0.4963,-0.0683
Giant Space Mirror,4,13405,4555,0.3398,0.2136,-0.3035,0.2770,-0.5805,0.1142,0.4645,-0.3154
Giant Space Mirror,5,13401,4153,0.3099,0.2196,-0.2859,0.2811,-0.5670,0.1233,0.3445,-0.3704
Giant Space Mirror,6,13644,3721,0.2727,0.2281,-0.4703,0.3350,-0.8054,0.1234,0.1787,-0.7034
Giant Space Mirror,7,14162,3457,0.2441,0.2441,-0.2652,0.3433,-0.6084,0.1274,0.0000,-0.6084
Giant Space Mirror,8,14743,3044,0.2065,0.2703,0.0492,0.3893,-0.3401,0.1355,-0.2695,-0.4939
Giant Space Mirror,9,15144,2673,0.1765,0.2986,-0.1210,0.4068,-0.5278,0.1489,-0.5256,-0.8278
Giant Space Mirror,10,14162,1859,0.1313,0.3230,-0.1641,0.3722,-0.5363,0.1708,-0.9004,-1.0502
Giant Space Mirror,11,10340,995,0.0962,0.3446,0.1282,0.3932,-0.2650,0.2523,-1.2755,-0.9929
Giant Space Mirror,12,4738,422,0.0891,0.3589,-0.7270,0.4260,-1.1529,0.3970,-1.3936,-1.9482
Grass,1,13583,93,0.0068,0.2844,-1.3281,0.2944,-1.6225,0.6471,-3.7265,-3.7492
Grass,2,18795,30,0.0016,0.2194,1.4040,0.2283,1.1756,1.5264,-4.9235,-1.6342
Grass,3,24347,247,0.0101,0.2123,1.0620,0.2606,0.8014,0.5001,-3.0408,-0.9339
Grass,4,30145,1128,0.0374,0.2136,1.0832,0.2770,0.8062,0.2340,-1.7417,-0.1878
Grass,5,35453,3444,0.0971,0.2196,0.4596,0.2811,0.1785,0.1385,-0.8155,-0.2869
Grass,6,38905,7050,0.1812,0.2281,0.6292,0.3350,0.2942,0.0961,-0.2300,0.1629
Grass,7,39214,11162,0.2846,0.2441,0.3615,0.3433,0.0183,0.0773,0.1537,0.1060
Grass,8,35280,14322,0.4060,0.2703,0.2060,0.3893,-0.1833,0.0665,0.4066,0.0487
Grass,9,27470,13610,0.4954,0.2986,0.1684,0.4068,-0.2385,0.0687,0.5065,0.0506
Grass,10,18770,10075,0.5368,0.3230,0.0037,0.3722,-0.3685,0.0802,0.5079,-0.0786
Grass,11,10433,5418,0.5193,0.3446,-0.1799,0.3932,-0.5731,0.1122,0.4103,-0.3390
Grass,12,4120,2148,0.5214,0.3589,-0.0672,0.4260,-0.4932,0.1842,0.3735,-0.2800
Great Dam,1,6458,147,0.0228,0.2844,0.3342,0.2944,0.0398,0.6635,-2.5251,-1.4013
Great Dam,2,9484,390,0.0411,0.2194,-1.1793,0.2283,-1.4076,0.3897,-1.6746,-2.3633
Great Dam,3,12548,901,0.0718,0.2123,0.0972,0.2606,-0.1634,0.2581,-1.0838,-0.7819
Great Dam,4,15509,1596,0.1029,0.2136,-0.2839,0.2770,-0.5610,0.1927,-0.7301,-0.9776
Great Dam,5,18127,2474,0.1365,0.2196,-0.4863,0.2811,-0.7675,0.1567,-0.4755,-1.0389
Great Dam,6,20098,3350,0.1667,0.2281,-0.3172,0.3350,-0.6522,0.1339,-0.3136,-0.8311
Great Dam,7,21425,3983,0.1859,0.2441,-0.3432,0.3433,-0.6865,0.1241,-0.2723,-0.8419
Great Dam,8,22359,4707,0.2105,0.2703,-0.3651,0.3893,-0.7545,0.1131,-0.2501,-0.8972
Great Dam,9,21792,5032,0.2309,0.2986,0.0329,0.4068,-0.3740,0.1099,-0.2570,-0.5206
Great Dam,10,18995,4803,0.2529,0.3230,-0.0288,0.3722,-0.4010,0.1155,-0.2448,-0.5407
Great Dam,11,12946,3496,0.2700,0.3446,-0.0268,0.3932,-0.4200,0.1378,-0.2437,-0.5590
Great Dam,12,5557,1665,0.2996,0.3589,0.3503,0.4260,-0.0757,0.2213,-0.1805,-0.1787
Great Escarpment Consortium,1,13095,2708,0.2068,0.2844,1.3080,0.2944,1.0137,0.1512,-0.3185,0.8319
Great Escarpment Consortium,2,15077,3055,0.2026,0.2194,0.8660,0.2283,0.6377,0.1412,-0.0798,0.5922
Great Escarpment Consortium,3,16827,3574,0.2124,0.2123,0.7293,0.2606,0.4687,0.1335,0.0007,0.4691
Great Escarpment Consortium,4,18197,4271,0.2347,0.2136,0.3074,0.2770,0.0304,0.1159,0.0945,0.0843
Great Escarpment Consortium,5,19119,4789,0.2505,0.2196,0.3477,0.2811,0.0666,0.1111,0.1317,0.1417
Great Escarpment Consortium,6,19644,5108,0.2600,0.2281,0.1042,0.3350,-0.2308,0.1093,0.1311,-0.1560
Great Escarpment Consortium,7,19707,5328,0.2704,0.2441,0.0438,0.3433,-0.2995,0.1033,0.1022,-0.2412
Great Escarpment Consortium,8,19159,4918,0.2567,0.2703,-0.0945,0.3893,-0.4838,0.1091,-0.0518,-0.5134
Great Escarpment Consortium,9,17903,4033,0.2253,0.2986,-0.1279,0.4068,-0.5348,0.1177,-0.2817,-0.6955
Great Escarpment Consortium,10,15475,2637,0.1704,0.3230,0.0527,0.3722,-0.3195,0.1438,-0.6394,-0.6844
Great Escarpment Consortium,11,10471,1242,0.1186,0.3446,0.2507,0.3932,-0.1426,0.2162,-1.0664,-0.7511
Great Escarpment Consortium,12,4551,414,0.0910,0.3589,0.4564,0.4260,0.0305,0.3791,-1.3725,-0.7528
Greenhouses,1,14311,43,0.0030,0.2844,2.8276,0.2944,2.5333,0.9933,-4.5501,-0.0634
Greenhouses,2,19836,146,0.0074,0.2194,0.8358,0.2283,0.6074,0.6034,-3.3950,-1.3301
Greenhouses,3,25522,418,0.0164,0.2123,0.0999,0.2606,-0.1607,0.3990,-2.5618,-1.6227
Greenhouses,4,31411,1046,0.0333,0.2136,0.2830,0.2770,0.0060,0.2585,-1.8583,-1.0545
Greenhouses,5,36983,2083,0.0563,0.2196,0.4016,0.2811,0.1205,0.1738,-1.3606,-0.6560
Greenhouses,6,42036,3485,0.0829,0.2281,0.7106,0.3350,0.3756,0.1390,-1.0120,-0.2019
Greenhouses,7,45885,4981,0.1086,0.2441,0.5005,0.3433,0.1573,0.1106,-0.8103,-0.3052
Greenhouses,8,47882,7210,0.1506,0.2703,0.6420,0.3893,0.2527,0.0961,-0.5852,-0.0812
Greenhouses,9,46438,10838,0.2334,0.2986,0.7687,0.4068,0.3619,0.0788,-0.2463,0.2213
Greenhouses,10,38711,14183,0.3664,0.3230,0.4035,0.3722,0.0313,0.0698,0.1261,0.1033
Greenhouses,11,24409,12926,0.5296,0.3446,0.4056,0.3932,0.0124,0.0751,0.4298,0.2577
Greenhouses,12,9418,6035,0.6408,0.3589,0.3596,0.4260,-0.0663,0.1126,0.5797,0.2645
Hackers,1,10621,6862,0.6461,0.2844,0.9839,0.2944,0.6895,0.0965,0.8207,1.1578
Hackers,2,8124,4431,0.5454,0.2194,0.6495,0.2283,0.4212,0.1213,0.9104,0.9408
Hackers,3,7820,3965,0.5070,0.2123,0.5644,0.2606,0.3038,0.1280,0.8708,0.8008
Hackers,4,7791,3652,0.4687,0.2136,0.3325,0.2770,0.0555,0.1323,0.7862,0.5042
Hackers,5,7864,3321,0.4223,0.2196,0.5470,0.2811,0.2659,0.1389,0.6540,0.6391
Hackers,6,8051,2823,0.3506,0.2281,0.3787,0.3350,0.0437,0.1481,0.4301,0.2891
Hackers,7,8549,2252,0.2634,0.2441,0.0082,0.3433,-0.3351,0.1616,0.0762,-0.2916
Hackers,8,9332,1684,0.1805,0.2703,-0.5084,0.3893,-0.8977,0.1808,-0.4042,-1.1284
Hackers,9,10239,1024,0.1000,0.2986,-0.5460,0.4068,-0.9529,0.2167,-1.0937,-1.5771
Hackers,10,10618,630,0.0593,0.3230,0.1754,0.3722,-0.1968,0.2876,-1.6945,-1.1638
Hackers,11,8576,295,0.0344,0.3446,0.0616,0.3932,-0.3316,0.4367,-2.3043,-1.6466
Hackers,12,4190,107,0.0255,0.3589,1.0124,0.4260,0.5865,0.8362,-2.6429,-0.9218
Heat Trappers,1,11831,2437,0.2060,0.2844,1.8161,0.2944,1.5217,0.1618,-0.3225,1.3376
Heat Trappers,2,13821,2868,0.2075,0.2194,1.2248,0.2283,0.9964,0.1491,-0.0559,0.9645
Heat Trappers,3,15286,3434,0.2247,0.2123,0.8210,0.2606,0.5604,0.1403,0.0568,0.5928
Heat Trappers,4,16394,4136,0.2523,0.2136,0.6034,0.2770,0.3263,0.1250,0.1667,0.4215
Heat Trappers,5,16889,4531,0.2683,0.2196,0.3830,0.2811,0.1018,0.1184,0.2003,0.2162
Heat Trappers,6,16974,4662,0.2747,0.2281,0.0477,0.3350,-0.2873,0.1176,0.1858,-0.1813
Heat Trappers,7,16512,4116,0.2493,0.2441,-0.1059,0.3433,-0.4491,0.1235,0.0210,-0.4371
Heat Trappers,8,16080,3110,0.1934,0.2703,-0.3352,0.3893,-0.7245,0.1471,-0.3349,-0.9156
Heat Trappers,9,15868,1925,0.1213,0.2986,-0.4432,0.4068,-0.8501,0.1810,-0.9006,-1.3640
Heat Trappers,10,14779,973,0.0658,0.3230,-0.6116,0.3722,-0.9838,0.2587,-1.5904,-1.8914
Heat Trappers,11,11154,428,0.0384,0.3446,-0.5777,0.3932,-0.9709,0.3986,-2.1949,-2.2235
Heat Trappers,12,5277,162,0.0307,0.3589,-0.4179,0.4260,-0.8438,0.6638,-2.4587,-2.2470
Heather,1,13272,96,0.0072,0.2844,-1.7354,0.2944,-2.0298,0.7710,-3.6716,-4.1251
Heather,2,18282,19,0.0010,0.2194,-0.2833,0.2283,-0.5117,2.0459,-5.3526,-3.5663
Heather,3,23690,131,0.0055,0.2123,2.1135,0.2606,1.8529,0.6731,-3.6476,-0.2288
Heather,4,29417,815,0.0277,0.2136,0.8024,0.2770,0.5254,0.2813,-2.0423,-0.6401
Heather,5,34864,3009,0.0863,0.2196,0.3882,0.2811,0.1071,0.1483,-0.9338,-0.4258
Heather,6,38564,6787,0.1760,0.2281,0.6210,0.3350,0.2860,0.0990,-0.2593,0.1380
Heather,7,38937,11790,0.3028,0.2441,0.3620,0.3433,0.0187,0.0741,0.2155,0.1417
Heather,8,34208,15450,0.4516,0.2703,0.3008,0.3893,-0.0885,0.0647,0.5132,0.2044
Heather,9,25270,14433,0.5712,0.2986,0.0454,0.4068,-0.3614,0.0660,0.6487,0.0088
Heather,10,15708,9697,0.6173,0.3230,-0.0313,0.3722,-0.4035,0.0816,0.6478,-0.0338
Heather,11,8304,4985,0.6003,0.3446,0.0459,0.3932,-0.3473,0.1146,0.5552,-0.0304
Heather,12,3284,1840,0.5603,0.3589,0.2600,0.4260,-0.1660,0.1953,0.4455,0.0883
Herbivores,1,10227,29,0.0028,0.2844,-2.1477,0.2944,-2.4421,0.7490,-4.6080,-5.0719
Herbivores,2,15217,0,0.0000,0.2194,,0.2283,,,,
Herbivores,3,20786,3,0.0001,0.2123,2.6428,0.2606,2.3822,4.7258,-7.2934,-1.7800
Herbivores,4,26551,26,0.0010,0.2136,1.4580,0.2770,1.1810,1.8252,-5.3849,-1.8921
Herbivores,5,32788,241,0.0074,0.2196,0.3429,0.2811,0.0617,0.5526,-3.3970,-1.8769
Herbivores,6,39119,1107,0.0283,0.2281,0.7698,0.3350,0.4348,0.2491,-2.0869,-0.7562
Herbivores,7,45031,3658,0.0812,0.2441,0.7404,0.3433,0.3972,0.1374,-1.1002,-0.2307
Herbivores,8,48282,9411,0.1949,0.2703,0.6949,0.3893,0.3055,0.0847,-0.3271,0.1189
Herbivores,9,44448,16723,0.3762,0.2986,0.6465,0.4068,0.2396,0.0629,0.2312,0.3716
Herbivores,10,31132,16687,0.5360,0.3230,0.4594,0.3722,0.0872,0.0621,0.5065,0.3763
Herbivores,11,15181,9405,0.6195,0.3446,0.3550,0.3932,-0.0382,0.0837,0.5867,0.2966
Herbivores,12,4677,2980,0.6372,0.3589,0.2033,0.4260,-0.2227,0.1537,0.5740,0.1049
Hired Raiders,1,15655,11306,0.7222,0.2844,0.2151,0.2944,-0.0793,0.0762,0.9320,0.4526
Hired Raiders,2,10735,7271,0.6773,0.2194,0.2880,0.2283,0.0596,0.0931,1.1270,0.7028
Hired Raiders,3,10028,6824,0.6805,0.2123,0.2572,0.2606,-0.0034,0.0966,1.1651,0.6615
Hired Raiders,4,10214,7111,0.6962,0.2136,0.4289,0.2770,0.1519,0.0952,1.1817,0.8263
Hired Raiders,5,10266,7449,0.7256,0.2196,0.5624,0.2811,0.2813,0.0924,1.1953,0.9634
Hired Raiders,6,10073,7482,0.7428,0.2281,0.5230,0.3350,0.1880,0.0929,1.1807,0.8618
Hired Raiders,7,10193,7802,0.7654,0.2441,0.6335,0.3433,0.2902,0.0937,1.1429,0.9425
Hired Raiders,8,10124,7974,0.7876,0.2703,0.4857,0.3893,0.0963,0.0886,1.0694,0.7066
Hired Raiders,9,10029,8083,0.8060,0.2986,0.5279,0.4068,0.1210,0.0904,0.9930,0.6877
Hired Raiders,10,8626,7101,0.8232,0.3230,0.6994,0.3722,0.3271,0.0961,0.9356,0.8611
Hired Raiders,11,6020,5067,0.8417,0.3446,0.4642,0.3932,0.0710,0.1179,0.8932,0.5807
Hired Raiders,12,2625,2250,0.8571,0.3589,0.7031,0.4260,0.2771,0.1930,0.8706,0.7740
House Printing,1,13033,8615,0.6610,0.2844,-0.3294,0.2944,-0.6238,0.0838,0.8435,-0.1424
House Printing,2,9945,5716,0.5748,0.2194,-0.2835,0.2283,-0.5119,0.1023,0.9628,0.0376
House Printing,3,9794,5484,0.5599,0.2123,-0.2238,0.2606,-0.4844,0.1051,0.9701,0.0692
House Printing,4,9679,5011,0.5177,0.2136,-0.0298,0.2770,-0.3069,0.1099,0.8855,0.1985
House Printing,5,10137,5102,0.5033,0.2196,0.0590,0.2811,-0.2221,0.1075,0.8295,0.2512
House Printing,6,10540,4920,0.4668,0.2281,-0.1459,0.3350,-0.4810,0.1103,0.7162,-0.0722
House Printing,7,11269,4821,0.4278,0.2441,-0.0628,0.3433,-0.4061,0.1084,0.5611,-0.0859
House Printing,8,11916,4931,0.4138,0.2703,0.1072,0.3893,-0.2822,0.1122,0.4258,-0.0392
House Printing,9,12015,4811,0.4004,0.2986,0.1725,0.4068,-0.2343,0.1119,0.2935,-0.0668
House Printing,10,11152,4397,0.3943,0.3230,0.3833,0.3722,0.0111,0.1209,0.1994,0.1249
House Printing,11,7786,3163,0.4062,0.3446,0.3398,0.3932,-0.0534,0.1482,0.1647,0.0406
House Printing,12,3339,1371,0.4106,0.3589,0.4503,0.4260,0.0243,0.2238,0.1346,0.1012
Ice Asteroid,1,17318,5540,0.3199,0.2844,0.1296,0.2944,-0.1648,0.1068,0.1177,-0.0976
Ice Asteroid,2,18286,5022,0.2746,0.2194,0.1314,0.2283,-0.0970,0.1145,0.2243,0.0310
Ice Asteroid,3,20067,5853,0.2917,0.2123,0.1548,0.2606,-0.1058,0.1061,0.3179,0.0756
Ice Asteroid,4,21020,6440,0.3064,0.2136,0.2954,0.2770,0.0183,0.0974,0.3609,0.2243
Ice Asteroid,5,21622,7130,0.3298,0.2196,0.3941,0.2811,0.1130,0.0937,0.4066,0.3450
Ice Asteroid,6,21647,7614,0.3517,0.2281,0.6802,0.3350,0.3452,0.0917,0.4332,0.5924
Ice Asteroid,7,21378,8179,0.3826,0.2441,0.7147,0.3433,0.3714,0.0860,0.4494,0.6279
Ice Asteroid,8,20287,8626,0.4252,0.2703,0.6732,0.3893,0.2839,0.0846,0.4529,0.5424
Ice Asteroid,9,17739,7699,0.4340,0.2986,0.7858,0.4068,0.3790,0.0898,0.3741,0.5925
Ice Asteroid,10,14170,5443,0.3841,0.3230,0.8540,0.3722,0.4818,0.1078,0.1733,0.5807
Ice Asteroid,11,9328,2765,0.2964,0.3446,0.9378,0.3932,0.5446,0.1535,-0.1505,0.4587
Ice Asteroid,12,4171,935,0.2242,0.3589,1.5371,0.4260,1.1111,0.2625,-0.4706,0.8426
Ice cap Melting,1,3430,34,0.0099,0.2844,-1.1180,0.2944,-1.4124,1.0417,-3.3565,-3.3279
Ice cap Melting,2,5022,0,0.0000,0.2194,,0.2283,,,,
Ice cap Melting,3,6833,0,0.0000,0.2123,,0.2606,,,,
Ice cap Melting,4,8991,0,0.0000,0.2136,,0.2770,,,,
Ice cap Melting,5,11675,7,0.0006,0.2196,2.9271,0.2811,2.6459,3.7178,-5.9033,-0.7230
Ice cap Melting,6,14812,90,0.0061,0.2281,2.9405,0.3350,2.6055,0.8151,-3.6253,0.5366
Ice cap Melting,7,18537,722,0.0389,0.2441,1.5814,0.3433,1.2382,0.3219,-1.8353,0.1908
Ice cap Melting,8,22088,2561,0.1159,0.2703,1.1800,0.3893,0.7906,0.1564,-0.8465,0.3075
Ice cap Melting,9,23703,5011,0.2114,0.2986,0.9502,0.4068,0.5434,0.1141,-0.3452,0.3464
Ice cap Melting,10,20915,5211,0.2492,0.3230,1.1064,0.3722,0.7342,0.1144,-0.2596,0.5861
Ice cap Melting,11,14179,3263,0.2301,0.3446,0.9993,0.3932,0.6061,0.1438,-0.4036,0.3758
Ice cap Melting,12,6418,1169,0.1821,0.3589,1.0527,0.4260,0.6267,0.2421,-0.6782,0.2397
Immigrant City,1,14183,4138,0.2918,0.2844,-1.6512,0.2944,-1.9456,0.1038,0.0257,-1.9309
Immigrant City,2,16003,3977,0.2485,0.2194,-1.6751,0.2283,-1.9034,0.1081,0.1244,-1.8324
Immigrant City,3,18018,4865,0.2700,0.2123,-1.5131,0.2606,-1.7737,0.1030,0.2407,-1.6363
Immigrant City,4,19568,5842,0.2985,0.2136,-1.0505,0.2770,-1.3275,0.0985,0.3350,-1.1363
Immigrant City,5,20474,6793,0.3318,0.2196,-0.9776,0.2811,-1.2587,0.0928,0.4128,-1.0231
Immigrant City,6,20710,7759,0.3746,0.2281,-0.5815,0.3350,-0.9165,0.0874,0.4963,-0.6333
Immigrant City,7,20330,8499,0.4181,0.2441,-0.3705,0.3433,-0.7138,0.0831,0.5380,-0.4067
Immigrant City,8,19419,9377,0.4829,0.2703,0.0310,0.3893,-0.3583,0.0834,0.5801,-0.0272
Immigrant City,9,17185,9596,0.5584,0.2986,0.1927,0.4068,-0.2141,0.0826,0.6261,0.1432
Immigrant City,10,13349,8393,0.6287,0.3230,0.2084,0.3722,-0.1638,0.0896,0.6661,0.2164
Immigrant City,11,7960,5410,0.6796,0.3446,0.1741,0.3932,-0.2191,0.1138,0.6793,0.1686
Immigrant City,12,3050,2140,0.7016,0.3589,0.3518,0.4260,-0.0742,0.1926,0.6704,0.3084
Immigration Shuttles,1,11758,4774,0.4060,0.2844,0.0608,0.2944,-0.2335,0.1131,0.3561,-0.0303
Immigration Shuttles,2,11400,2906,0.2549,0.2194,-0.1336,0.2283,-0.3620,0.1482,0.1498,-0.2765
Immigration Shuttles,3,12915,3205,0.2482,0.2123,-0.0776,0.2606,-0.3382,0.1371,0.1563,-0.2490
Immigration Shuttles,4,14242,3229,0.2267,0.2136,-0.2063,0.2770,-0.4833,0.1364,0.0598,-0.4491
Immigration Shuttles,5,15518,3301,0.2127,0.2196,-0.2040,0.2811,-0.4852,0.1347,-0.0317,-0.5033
Immigration Shuttles,6,16704,3252,0.1947,0.2281,-0.4448,0.3350,-0.7798,0.1287,-0.1583,-0.8702
Immigration Shuttles,7,18304,3471,0.1896,0.2441,-0.1105,0.3433,-0.4537,0.1284,-0.2525,-0.5978
Immigration Shuttles,8,19757,3845,0.1946,0.2703,-0.3078,0.3893,-0.6972,0.1194,-0.3286,-0.8847
Immigration Shuttles,9,20061,3911,0.1950,0.2986,-0.2831,0.4068,-0.6899,0.1193,-0.4262,-0.9332
Immigration Shuttles,10,18386,3640,0.1980,0.3230,-0.0465,0.3722,-0.4187,0.1268,-0.4895,-0.6980
Immigration Shuttles,11,13091,2969,0.2268,0.3446,0.0294,0.3932,-0.3638,0.1440,-0.4182,-0.6025
Immigration Shuttles,12,5653,1651,0.2921,0.3589,0.0460,0.4260,-0.3800,0.2069,-0.2060,-0.4975
Import of Advanced GHG,1,14037,7145,0.5090,0.2844,-0.3560,0.2944,-0.6504,0.0920,0.5822,-0.3182
Import of Advanced GHG,2,12044,5791,0.4808,0.2194,-0.3255,0.2283,-0.5539,0.1025,0.7844,-0.1063
Import of Advanced GHG,3,11545,5486,0.4752,0.2123,-0.2104,0.2606,-0.4710,0.1058,0.8059,-0.0111
Import of Advanced GHG,4,11380,5254,0.4617,0.2136,-0.1039,0.2770,-0.3809,0.1081,0.7710,0.0591
Import of Advanced GHG,5,11542,5274,0.4569,0.2196,-0.0566,0.2811,-0.3377,0.1075,0.7328,0.0805
Import of Advanced GHG,6,11785,5302,0.4499,0.2281,0.2382,0.3350,-0.0968,0.1067,0.6793,0.2908
Import of Advanced GHG,7,12122,5652,0.4663,0.2441,0.4144,0.3433,0.0712,0.1050,0.6472,0.4405
Import of Advanced GHG,8,11927,5585,0.4683,0.2703,0.5591,0.3893,0.1697,0.1035,0.5494,0.4832
Import of Advanced GHG,9,11328,4967,0.4385,0.2986,0.5497,0.4068,0.1428,0.1099,0.3843,0.3622
Import of Advanced GHG,10,9974,3833,0.3843,0.3230,0.5958,0.3722,0.2236,0.1287,0.1738,0.3228
Import of Advanced GHG,11,7120,2477,0.3479,0.3446,0.9879,0.3932,0.5947,0.1643,0.0096,0.6002
Import of Advanced GHG,12,3251,1104,0.3396,0.3589,0.7358,0.4260,0.3098,0.2512,-0.0553,0.2783
Imported GHG,1,13553,5960,0.4398,0.2844,-0.5909,0.2944,-0.8853,0.0996,0.4360,-0.6365
Imported GHG,2,12842,5646,0.4397,0.2194,-0.4465,0.2283,-0.6748,0.1013,0.6949,-0.2783
Imported GHG,3,12597,5679,0.4508,0.2123,0.0748,0.2606,-0.1858,0.1044,0.7533,0.2441
Imported GHG,4,12596,5902,0.4686,0.2136,-0.0434,0.2770,-0.3205,0.1025,0.7858,0.1280
Imported GHG,5,12679,6163,0.4861,0.2196,0.2569,0.2811,-0.0242,0.1007,0.7947,0.4293
Imported GHG,6,12517,6349,0.5072,0.2281,0.3816,0.3350,0.0466,0.0960,0.7993,0.5027
Imported GHG,7,12541,6825,0.5442,0.2441,0.4977,0.3433,0.1544,0.0951,0.8018,0.6120
Imported GHG,8,12182,6937,0.5694,0.2703,0.5934,0.3893,0.2041,0.0938,0.7450,0.6292
Imported GHG,9,11475,6671,0.5814,0.2986,0.4857,0.4068,0.0789,0.0957,0.6664,0.4592
Imported GHG,10,9681,5442,0.5621,0.3230,0.7072,0.3722,0.3350,0.1094,0.5541,0.6512
Imported GHG,11,6512,3426,0.5261,0.3446,0.7579,0.3932,0.3647,0.1418,0.4232,0.6062
Imported GHG,12,2932,1520,0.5184,0.3589,0.9176,0.4260,0.4916,0.2148,0.3678,0.7015
Imported Hydrogen,1,17088,3887,0.2275,0.2844,0.0636,0.2944,-0.2308,0.1322,-0.2232,-0.3582
Imported Hydrogen,2,19785,4689,0.2370,0.2194,0.0179,0.2283,-0.2105,0.1175,0.0769,-0.1666
Imported Hydrogen,3,21853,5936,0.2716,0.2123,-0.0137,0.2606,-0.2743,0.1042,0.2467,-0.1335
Imported Hydrogen,4,23028,7172,0.3114,0.2136,0.2459,0.2770,-0.0311,0.0968,0.3773,0.1842
Imported Hydrogen,5,23191,7707,0.3323,0.2196,0.4981,0.2811,0.2169,0.0917,0.4144,0.4534
Imported Hydrogen,6,23167,8399,0.3625,0.2281,0.5524,0.3350,0.2174,0.0855,0.4634,0.4818
Imported Hydrogen,7,22659,8980,0.3963,0.2441,0.4479,0.3433,0.1046,0.0849,0.4846,0.3812
Imported Hydrogen,8,21529,9071,0.4213,0.2703,0.6749,0.3893,0.2855,0.0818,0.4438,0.5388
Imported Hydrogen,9,20045,9175,0.4577,0.2986,0.6616,0.4068,0.2547,0.0846,0.4273,0.4986
Imported Hydrogen,10,16351,8066,0.4933,0.3230,0.9280,0.3722,0.5558,0.0921,0.4235,0.7975
Imported Hydrogen,11,10895,5992,0.5500,0.3446,0.6891,0.3932,0.2959,0.1064,0.4676,0.5628
Imported Hydrogen,12,4754,2910,0.6121,0.3589,0.7289,0.4260,0.3029,0.1637,0.5339,0.6077
Imported Nitrogen,1,14060,15,0.0011,0.2844,1.2966,0.2944,1.0022,1.6024,-5.5855,-2.1854
Imported Nitrogen,2,19828,40,0.0020,0.2194,-1.3539,0.2283,-1.5822,1.2179,-4.6893,-4.2584
Imported Nitrogen,3,25910,58,0.0022,0.2123,-0.8123,0.2606,-1.0729,0.8369,-4.5520,-3.6707
Imported Nitrogen,4,32264,137,0.0042,0.2136,-0.5051,0.2770,-0.7821,0.5799,-3.9179,-3.0180
Imported Nitrogen,5,38826,314,0.0081,0.2196,-0.2536,0.2811,-0.5347,0.4457,-3.3014,-2.4188
Imported Nitrogen,6,45664,586,0.0128,0.2281,-0.5427,0.3350,-0.8777,0.3172,-2.8777,-2.5200
Imported Nitrogen,7,52366,1134,0.0217,0.2441,0.6555,0.3433,0.3123,0.2523,-2.4223,-1.0701
Imported Nitrogen,8,58072,2552,0.0439,0.2703,0.6774,0.3893,0.2881,0.1648,-1.8167,-0.7487
Imported Nitrogen,9,60658,7046,0.1162,0.2986,1.0130,0.4068,0.6062,0.1007,-0.9440,0.0675
Imported Nitrogen,10,54861,14865,0.2710,0.3230,0.8363,0.3722,0.4641,0.0687,-0.1757,0.3639
Imported Nitrogen,11,36139,16635,0.4603,0.3446,0.4628,0.3932,0.0696,0.0656,0.2896,0.2349
Imported Nitrogen,12,14346,8535,0.5949,0.3589,0.5016,0.4260,0.0757,0.0955,0.5055,0.3641
Indentured Workers,1,13463,6413,0.4763,0.2844,0.5192,0.2944,0.2248,0.0998,0.5159,0.5192
Indentured Workers,2,13106,6180,0.4715,0.2194,0.4612,0.2283,0.2328,0.0996,0.7649,0.6693
Indentured Workers,3,13290,6402,0.4817,0.2123,0.4625,0.2606,0.2019,0.1004,0.8196,0.6696
Indentured Workers,4,13487,6809,0.5049,0.2136,0.4548,0.2770,0.1777,0.0957,0.8604,0.6687
Indentured Workers,5,13377,7292,0.5451,0.2196,0.4711,0.2811,0.1900,0.0941,0.9093,0.7089
Indentured Workers,6,13059,7374,0.5647,0.2281,0.5455,0.3350,0.2105,0.0936,0.9065,0.7278
Indentured Workers,7,12781,7330,0.5735,0.2441,0.5574,0.3433,0.2142,0.0940,0.8542,0.7017
Indentured Workers,8,12477,7116,0.5703,0.2703,0.4630,0.3893,0.0737,0.0965,0.7466,0.4998
Indentured Workers,9,11700,6420,0.5487,0.2986,0.3831,0.4068,-0.0237,0.1017,0.6086,0.3236
Indentured Workers,10,10146,5116,0.5042,0.3230,0.4678,0.3722,0.0956,0.1156,0.4454,0.3498
Indentured Workers,11,7279,3504,0.4814,0.3446,0.2458,0.3932,-0.1474,0.1416,0.3344,0.0435
Indentured Workers,12,3256,1430,0.4392,0.3589,0.5663,0.4260,0.1404,0.2424,0.2019,0.2556
Industrial Center,1,13854,3266,0.2357,0.2844,0.2032,0.2944,-0.0912,0.1387,-0.1875,-0.1982
Industrial Center,2,16127,3436,0.2131,0.2194,0.1846,0.2283,-0.0438,0.1305,-0.0296,-0.0606
Industrial Center,3,18324,4094,0.2234,0.2123,0.0583,0.2606,-0.2023,0.1221,0.0513,-0.1730
Industrial Center,4,20231,5106,0.2524,0.2136,-0.0121,0.2770,-0.2891,0.1094,0.1671,-0.1938
Industrial Center,5,21356,6391,0.2993,0.2196,-0.1886,0.2811,-0.4698,0.0975,0.3096,-0.2931
Industrial Center,6,21531,7100,0.3298,0.2281,0.0562,0.3350,-0.2788,0.0951,0.3686,-0.0684
Industrial Center,7,21174,7692,0.3633,0.2441,0.0500,0.3433,-0.2933,0.0890,0.3976,-0.0664
Industrial Center,8,20157,8107,0.4022,0.2703,0.1644,0.3893,-0.2250,0.0885,0.3973,0.0017
Industrial Center,9,18545,8769,0.4728,0.2986,0.0843,0.4068,-0.3225,0.0861,0.4598,-0.0601
Industrial Center,10,14454,7660,0.5300,0.3230,0.3631,0.3722,-0.0091,0.0942,0.4952,0.2735
Industrial Center,11,8809,5193,0.5895,0.3446,0.2632,0.3932,-0.1300,0.1184,0.5370,0.1765
Industrial Center,12,3416,2120,0.6206,0.3589,0.5000,0.4260,0.0740,0.1881,0.5477,0.3866
Industrial Microbes,1,15931,10695,0.6713,0.2844,0.3545,0.2944,0.0602,0.0737,0.8590,0.5504
Industrial Microbes,2,11537,7007,0.6074,0.2194,0.3924,0.2283,0.1641,0.0951,1.0180,0.7450
Industrial Microbes,3,10834,6506,0.6005,0.2123,0.0702,0.2606,-0.1904,0.0976,1.0400,0.4031
Industrial Microbes,4,10390,5847,0.5628,0.2136,-0.0801,0.2770,-0.3571,0.1011,0.9690,0.1958
Industrial Microbes,5,10530,5661,0.5376,0.2196,-0.2156,0.2811,-0.4967,0.1011,0.8954,0.0143
Industrial Microbes,6,10791,5375,0.4981,0.2281,-0.3825,0.3350,-0.7175,0.1038,0.7811,-0.2717
Industrial Microbes,7,10909,4679,0.4289,0.2441,-0.1888,0.3433,-0.5320,0.1100,0.5637,-0.2103
Industrial Microbes,8,11103,3872,0.3487,0.2703,-0.3548,0.3893,-0.7441,0.1154,0.2547,-0.5988
Industrial Microbes,9,11505,3182,0.2766,0.2986,-0.1808,0.4068,-0.5876,0.1305,-0.0765,-0.6313
Industrial Microbes,10,11009,2292,0.2082,0.3230,-0.2194,0.3722,-0.5916,0.1562,-0.4392,-0.8422
Industrial Microbes,11,8053,1168,0.1450,0.3446,-0.0465,0.3932,-0.4397,0.2227,-0.8653,-0.9335
Industrial Microbes,12,3769,488,0.1295,0.3589,0.6903,0.4260,0.2643,0.3597,-1.0195,-0.3175
Insects,1,14662,21,0.0014,0.2844,-3.1334,0.2944,-3.4278,1.1766,-5.2910,-6.4473
Insects,2,21135,1,0.0000,0.2194,4.9242,0.2283,4.6958,,-8.4421,-0.1219
Insects,3,27856,18,0.0006,0.2123,1.5781,0.2606,1.3175,2.3126,-5.7944,-1.9893
Insects,4,34750,134,0.0039,0.2136,0.6383,0.2770,0.3613,0.6965,-4.0142,-1.9296
Insects,5,41779,611,0.0146,0.2196,2.3023,0.2811,2.0211,0.3367,-2.7090,0.4751
Insects,6,48777,2141,0.0439,0.2281,1.3865,0.3350,1.0514,0.1704,-1.6479,0.1110
Insects,7,54175,5797,0.1070,0.2441,1.1854,0.3433,0.8421,0.1060,-0.8247,0.3715
Insects,8,55622,12815,0.2304,0.2703,0.8438,0.3893,0.4544,0.0712,-0.1599,0.3632
Insects,9,48359,18851,0.3898,0.2986,0.6726,0.4068,0.2657,0.0599,0.2667,0.4179
Insects,10,32483,16370,0.5040,0.3230,0.3809,0.3722,0.0087,0.0650,0.4449,0.2626
Insects,11,16010,8988,0.5614,0.3446,-0.0062,0.3932,-0.3994,0.0874,0.4882,-0.1208
Insects,12,5344,3193,0.5975,0.3589,-0.1759,0.4260,-0.6019,0.1464,0.5098,-0.3110
Insulation,1,3399,23,0.0068,0.2844,2.5006,0.2944,2.2062,1.4239,-3.7382,0.0728
Insulation,2,4760,36,0.0076,0.2194,1.2100,0.2283,0.9817,1.2433,-3.3678,-0.9403
Insulation,3,6344,58,0.0091,0.2123,-1.3351,0.2606,-1.5957,0.7526,-3.1448,-3.3904
Insulation,4,8162,80,0.0098,0.2136,-1.7852,0.2770,-2.0622,0.8099,-3.0814,-3.8207
Insulation,5,10373,155,0.0149,0.2196,0.9814,0.2811,0.7003,0.6407,-2.6875,-0.8334
Insulation,6,12929,246,0.0190,0.2281,-0.8348,0.3350,-1.1698,0.4834,-2.4839,-2.5873
Insulation,7,15739,554,0.0352,0.2441,0.1336,0.3433,-0.2096,0.3354,-1.9365,-1.3148
Insulation,8,18539,1324,0.0714,0.2703,0.3069,0.3893,-0.0825,0.2201,-1.3311,-0.8421
Insulation,9,20080,2352,0.1171,0.2986,-0.0611,0.4068,-0.4679,0.1610,-0.9357,-1.0019
Insulation,10,18935,2665,0.1407,0.3230,-0.1891,0.3722,-0.5613,0.1553,-0.8307,-1.0354
Insulation,11,13705,2013,0.1469,0.3446,-0.1048,0.3932,-0.4980,0.1825,-0.8526,-0.9846
Insulation,12,6373,915,0.1436,0.3589,-0.0324,0.4260,-0.4583,0.2838,-0.9161,-0.9812
Interstellar Colony Ship,1,9613,0,0.0000,0.2844,,0.2944,,,,
Interstellar Colony Ship,2,13921,0,0.0000,0.2194,,0.2283,,,,
Interstellar Colony Ship,3,18691,3,0.0002,0.2123,-2.0909,0.2606,-2.3515,1.5692,-7.1872,-6.4531
Interstellar Colony Ship,4,23747,8,0.0003,0.2136,2.0269,0.2770,1.7499,3.1281,-6.4519,-1.9321
Interstellar Colony Ship,5,29390,30,0.0010,0.2196,-0.3898,0.2811,-0.6710,1.0419,-5.3712,-3.7362
Interstellar Colony Ship,6,35539,77,0.0022,0.2281,1.4859,0.3350,1.1509,0.8573,-4.6565,-1.5066
Interstellar Colony Ship,7,42025,253,0.0060,0.2441,0.6387,0.3433,0.2954,0.4697,-3.7024,-1.8175
Interstellar Colony Ship,8,48245,769,0.0159,0.2703,1.2241,0.3893,0.8348,0.2946,-2.8309,-0.7808
Interstellar Colony Ship,9,52458,2812,0.0536,0.2986,0.4789,0.4068,0.0721,0.1565,-1.7174,-0.9080
Interstellar Colony Ship,10,50922,8783,0.1725,0.3230,0.5658,0.3722,0.1936,0.0879,-0.6273,-0.1645
Interstellar Colony Ship,11,36904,13597,0.3684,0.3446,0.5461,0.3932,0.1529,0.0742,0.0670,0.1912
Interstellar Colony Ship,12,15952,8462,0.5305,0.3589,0.4895,0.4260,0.0636,0.0957,0.3908,0.2866
Invention Contest,1,16274,9533,0.5858,0.2844,0.0237,0.2944,-0.2707,0.0803,0.7227,0.1417
Invention Contest,2,13407,7637,0.5696,0.2194,0.0318,0.2283,-0.1965,0.0914,0.9539,0.3478
Invention Contest,3,12643,7364,0.5825,0.2123,0.2089,0.2606,-0.0517,0.0922,1.0095,0.5244
Invention Contest,4,12393,7453,0.6014,0.2136,0.4362,0.2770,0.1592,0.0918,1.0354,0.7500
Invention Contest,5,12309,7555,0.6138,0.2196,0.5295,0.2811,0.2483,0.0921,1.0279,0.8350
Invention Contest,6,12236,7810,0.6383,0.2281,0.5781,0.3350,0.2431,0.0900,1.0291,0.8304
Invention Contest,7,12212,8351,0.6838,0.2441,0.6322,0.3433,0.2890,0.0872,1.0302,0.8769
Invention Contest,8,11791,8944,0.7585,0.2703,0.6257,0.3893,0.2364,0.0844,1.0317,0.8252
Invention Contest,9,10589,8805,0.8315,0.2986,0.7947,0.4068,0.3879,0.0841,1.0243,0.9725
Invention Contest,10,8569,7554,0.8815,0.3230,0.4178,0.3722,0.0456,0.0956,1.0041,0.6186
Invention Contest,11,5605,5108,0.9113,0.3446,0.5503,0.3932,0.1571,0.1180,0.9726,0.7122
Invention Contest,12,2372,2191,0.9237,0.3589,0.5593,0.4260,0.1333,0.1848,0.9454,0.6728
Inventors' Guild,1,16795,7557,0.4500,0.2844,0.4872,0.2944,0.1928,0.0913,0.4589,0.4547
Inventors' Guild,2,15940,7382,0.4631,0.2194,0.3598,0.2283,0.1315,0.0936,0.7468,0.5577
Inventors' Guild,3,15346,7218,0.4704,0.2123,0.4519,0.2606,0.1913,0.0953,0.7957,0.6454
Inventors' Guild,4,14895,6703,0.4500,0.2136,0.4973,0.2770,0.2202,0.0993,0.7454,0.6456
Inventors' Guild,5,15145,6540,0.4318,0.2196,0.3835,0.2811,0.1023,0.0989,0.6763,0.4883
Inventors' Guild,6,15493,6423,0.4146,0.2281,0.3593,0.3350,0.0243,0.0995,0.5975,0.3653
Inventors' Guild,7,15965,6607,0.4138,0.2441,0.1297,0.3433,-0.2135,0.0973,0.5279,0.0878
Inventors' Guild,8,15674,6567,0.4190,0.2703,0.2899,0.3893,-0.0995,0.0972,0.4382,0.1506
Inventors' Guild,9,14606,6050,0.4142,0.2986,0.2205,0.4068,-0.1863,0.1005,0.3274,0.0005
Inventors' Guild,10,12259,4726,0.3855,0.3230,-0.0026,0.3722,-0.3748,0.1172,0.1770,-0.2738
Inventors' Guild,11,8052,2930,0.3639,0.3446,-0.0166,0.3932,-0.4098,0.1520,0.0546,-0.3787
Inventors' Guild,12,3377,1286,0.3808,0.3589,-0.1610,0.4260,-0.5869,0.2393,0.0593,-0.5531
Investment Loan,1,13693,1841,0.1344,0.2844,0.1644,0.2944,-0.1300,0.1830,-0.7491,-0.5575
Investment Loan,2,17799,2684,0.1508,0.2194,0.1940,0.2283,-0.0344,0.1513,-0.3752,-0.2485
Investment Loan,3,21358,3718,0.1741,0.2123,0.1930,0.2606,-0.0676,0.1288,-0.1983,-0.1808
Investment Loan,4,24255,5045,0.2080,0.2136,0.3913,0.2770,0.1142,0.1127,-0.0264,0.0992
Investment Loan,5,26174,6675,0.2550,0.2196,0.5909,0.2811,0.3098,0.0957,0.1496,0.3952
Investment Loan,6,26789,8048,0.3004,0.2281,0.6412,0.3350,0.3061,0.0903,0.2755,0.4633
Investment Loan,7,26370,8872,0.3364,0.2441,0.4295,0.3433,0.0863,0.0865,0.3209,0.2694
Investment Loan,8,25200,9340,0.3706,0.2703,0.4365,0.3893,0.0471,0.0845,0.3156,0.2272
Investment Loan,9,23018,9849,0.4279,0.2986,0.6084,0.4068,0.2016,0.0819,0.3598,0.4070
Investment Loan,10,18974,9839,0.5186,0.3230,0.5126,0.3722,0.1404,0.0838,0.4734,0.4106
Investment Loan,11,12281,7647,0.6227,0.3446,0.6887,0.3932,0.2955,0.0954,0.5918,0.6332
Investment Loan,12,5064,3522,0.6955,0.3589,0.0030,0.4260,-0.4230,0.1440,0.6616,-0.0454
Io Mining Industries,1,16723,7662,0.4582,0.2844,0.8542,0.2944,0.5598,0.0935,0.4770,0.8320
Io Mining Industries,2,14754,4580,0.3104,0.2194,0.3254,0.2283,0.0971,0.1232,0.3468,0.2950
Io Mining Industries,3,15845,5007,0.3160,0.2123,-0.0943,0.2606,-0.3549,0.1146,0.3980,-0.1278
Io Mining Industries,4,16511,5062,0.3066,0.2136,-0.2427,0.2770,-0.5198,0.1110,0.3616,-0.3134
Io Mining Industries,5,17175,4829,0.2812,0.2196,-0.0694,0.2811,-0.3506,0.1119,0.2472,-0.2095
Io Mining Industries,6,18152,4910,0.2705,0.2281,0.0089,0.3350,-0.3261,0.1163,0.1705,-0.2288
Io Mining Industries,7,19149,5357,0.2798,0.2441,-0.0125,0.3433,-0.3557,0.1061,0.1363,-0.2779
Io Mining Industries,8,19491,5698,0.2923,0.2703,-0.1083,0.3893,-0.4976,0.1012,0.0783,-0.4530
Io Mining Industries,9,18896,5761,0.3049,0.2986,-0.1506,0.4068,-0.5575,0.1019,0.0209,-0.5455
Io Mining Industries,10,16248,5014,0.3086,0.3230,0.1325,0.3722,-0.2397,0.1111,-0.0456,-0.2657
Io Mining Industries,11,10593,3256,0.3074,0.3446,0.1999,0.3932,-0.1933,0.1387,-0.1142,-0.2585
Io Mining Industries,12,4349,1548,0.3559,0.3589,0.6091,0.4260,0.1832,0.2150,-0.0082,0.1785
Ironworks,1,4873,46,0.0094,0.2844,-0.3596,0.2944,-0.6540,0.8509,-3.4053,-2.5973
Ironworks,2,6604,1071,0.1622,0.2194,0.8722,0.2283,0.6438,0.2411,-0.3024,0.4712
Ironworks,3,7463,773,0.1036,0.2123,0.7390,0.2606,0.4784,0.2798,-0.7174,0.0690
Ironworks,4,8744,950,0.1086,0.2136,0.2060,0.2770,-0.0711,0.2498,-0.6758,-0.4567
Ironworks,5,10150,1033,0.1018,0.2196,0.5221,0.2811,0.2409,0.2598,-0.7690,-0.1979
Ironworks,6,11678,1357,0.1162,0.2281,0.3560,0.3350,0.0210,0.2138,-0.6744,-0.3638
Ironworks,7,13107,1403,0.1070,0.2441,0.5185,0.3433,0.1753,0.2163,-0.8243,-0.2952
Ironworks,8,14560,1436,0.0986,0.2703,0.5864,0.3893,0.1971,0.2162,-1.0083,-0.3783
Ironworks,9,15555,1304,0.0838,0.2986,0.5212,0.4068,0.1144,0.2078,-1.2702,-0.6105
Ironworks,10,15069,741,0.0492,0.3230,1.2662,0.3722,0.8940,0.2765,-1.8823,-0.1802
Ironworks,11,11611,336,0.0289,0.3446,0.6152,0.3932,0.2220,0.4272,-2.4771,-1.1916
Ironworks,12,5611,81,0.0144,0.3589,0.4886,0.4260,0.0626,0.9234,-3.2133,-1.7712
Kelp Farming,1,17615,1432,0.0813,0.2844,2.3446,0.2944,2.0502,0.2021,-1.2522,1.3356
Kelp Farming,2,23021,176,0.0076,0.2194,3.6660,0.2283,3.4377,0.5483,-3.3570,1.5218
Kelp Farming,3,29689,586,0.0197,0.2123,2.6987,0.2606,2.4381,0.3075,-2.3752,1.0826
Kelp Farming,4,36116,1634,0.0452,0.2136,2.5968,0.2770,2.3198,0.1855,-1.5518,1.4342
Kelp Farming,5,41898,3121,0.0745,0.2196,1.6974,0.2811,1.4162,0.1429,-1.0810,0.7993
Kelp Farming,6,46565,5334,0.1145,0.2281,1.3506,0.3350,1.0156,0.1099,-0.6887,0.6225
Kelp Farming,7,49126,8499,0.1730,0.2441,1.1328,0.3433,0.7896,0.0883,-0.3442,0.5931
Kelp Farming,8,48321,13668,0.2829,0.2703,0.9762,0.3893,0.5868,0.0701,0.0453,0.6127
Kelp Farming,9,41270,17275,0.4186,0.2986,0.4707,0.4068,0.0639,0.0617,0.3379,0.2567
Kelp Farming,10,28398,15004,0.5283,0.3230,0.2931,0.3722,-0.0791,0.0665,0.4921,0.2018
Kelp Farming,11,14759,8607,0.5832,0.3446,0.1024,0.3932,-0.2908,0.0881,0.5262,0.0095
Kelp Farming,12,5039,3015,0.5983,0.3589,0.0729,0.4260,-0.3530,0.1527,0.5112,-0.0613
Lagrange Observatory,1,16526,2953,0.1787,0.2844,-0.7903,0.2944,-1.0847,0.1322,-0.4646,-1.3498
Lagrange Observatory,2,19810,4406,0.2224,0.2194,-0.3372,0.2283,-0.5656,0.1149,0.0134,-0.5579
Lagrange Observatory,3,21843,5434,0.2488,0.2123,-0.1088,0.2606,-0.3694,0.1061,0.1588,-0.2788
Lagrange Observatory,4,23080,6314,0.2736,0.2136,0.3221,0.2770,0.0451,0.1023,0.2477,0.1864
Lagrange Observatory,5,23815,6942,0.2915,0.2196,0.2684,0.2811,-0.0127,0.0983,0.2833,0.1489
Lagrange Observatory,6,23996,7273,0.3031,0.2281,0.1096,0.3350,-0.2254,0.0941,0.2843,-0.0631
Lagrange Observatory,7,24131,8197,0.3397,0.2441,0.2032,0.3433,-0.1400,0.0871,0.3305,0.0485
Lagrange Observatory,8,23219,9059,0.3902,0.2703,0.2288,0.3893,-0.1605,0.0834,0.3669,0.0488
Lagrange Observatory,9,20879,9810,0.4699,0.2986,0.4000,0.4068,-0.0068,0.0809,0.4534,0.2519
Lagrange Observatory,10,16444,9609,0.5843,0.3230,0.4274,0.3722,0.0552,0.0847,0.5929,0.3935
Lagrange Observatory,11,9731,6592,0.6774,0.3446,0.4105,0.3932,0.0173,0.1029,0.6760,0.4031
Lagrange Observatory,12,3780,2899,0.7669,0.3589,0.2166,0.4260,-0.2094,0.1632,0.7594,0.2240
Lake Marineris,1,6448,151,0.0234,0.2844,-0.7203,0.2944,-1.0147,0.5733,-2.4968,-2.4396
Lake Marineris,2,9370,0,0.0000,0.2194,,0.2283,,,,
Lake Marineris,3,12679,0,0.0000,0.2123,,0.2606,,,,
Lake Marineris,4,16362,1,0.0001,0.2136,-13.8841,0.2770,-14.1611,,-8.1589,-18.8173
Lake Marineris,5,20504,11,0.0005,0.2196,2.8810,0.2811,2.5999,2.6847,-6.0144,-0.8325
Lake Marineris,6,25022,150,0.0060,0.2281,1.7375,0.3350,1.4025,0.7489,-3.6388,-0.6741
Lake Marineris,7,29813,1065,0.0357,0.2441,1.7989,0.3433,1.4556,0.2504,-1.9218,0.3589
Lake Marineris,8,33944,3810,0.1122,0.2703,1.3285,0.3893,0.9392,0.1302,-0.8790,0.4376
Lake Marineris,9,34457,7819,0.2269,0.2986,1.2618,0.4068,0.8549,0.0896,-0.2744,0.6983
Lake Marineris,10,28715,8508,0.2963,0.3230,1.1346,0.3722,0.7624,0.0883,-0.0863,0.7132
Lake Marineris,11,18264,5357,0.2933,0.3446,1.2859,0.3932,0.8927,0.1126,-0.1610,0.8008
Lake Marineris,12,7841,2066,0.2635,0.3589,0.5042,0.4260,0.0782,0.1775,-0.3090,-0.0981
Land Claim,1,4359,772,0.1771,0.2844,-0.3978,0.2944,-0.6922,0.2702,-0.4735,-0.9624
Land Claim,2,5800,860,0.1483,0.2194,0.0654,0.2283,-0.1630,0.2561,-0.3920,-0.3867
Land Claim,3,7412,1119,0.1510,0.2123,0.1069,0.2606,-0.1536,0.2316,-0.3407,-0.3481
Land Claim,4,9067,1590,0.1754,0.2136,0.3893,0.2770,0.1122,0.2047,-0.1970,-0.0002
Land Claim,5,10601,2178,0.2055,0.2196,0.4105,0.2811,0.1294,0.1725,-0.0665,0.0915
Land Claim,6,12133,2903,0.2393,0.2281,0.4062,0.3350,0.0711,0.1478,0.0479,0.0985
Land Claim,7,13530,3771,0.2787,0.2441,0.6608,0.3433,0.3175,0.1289,0.1326,0.3932
Land Claim,8,14423,4780,0.3314,0.2703,0.4735,0.3893,0.0842,0.1221,0.2037,0.2004
Land Claim,9,14222,5546,0.3900,0.2986,0.3864,0.4068,-0.0204,0.1112,0.2670,0.1320
Land Claim,10,12446,5423,0.4357,0.3230,0.4873,0.3722,0.1151,0.1154,0.2994,0.2859
Land Claim,11,8466,4010,0.4737,0.3446,0.5073,0.3932,0.1141,0.1343,0.3182,0.2957
Land Claim,12,3662,1842,0.5030,0.3589,0.3310,0.4260,-0.0949,0.2077,0.3376,0.0978
Large Convoy,1,16664,785,0.0471,0.2844,-0.6622,0.2944,-0.9566,0.2775,-1.7978,-1.9826
Large Convoy,2,22387,888,0.0397,0.2194,-0.7502,0.2283,-0.9786,0.2610,-1.7106,-1.9548
Large Convoy,3,28295,1430,0.0505,0.2123,-0.4060,0.2606,-0.6666,0.2149,-1.4350,-1.4855
Large Convoy,4,33893,2326,0.0686,0.2136,-0.0707,0.2770,-0.3477,0.1724,-1.1352,-0.9956
Large Convoy,5,38762,2835,0.0731,0.2196,-0.0122,0.2811,-0.2933,0.1512,-1.0994,-0.9207
Large Convoy,6,43440,3496,0.0805,0.2281,0.4868,0.3350,0.1517,0.1357,-1.0417,-0.4428
Large Convoy,7,47552,3927,0.0826,0.2441,0.6888,0.3433,0.3455,0.1252,-1.0838,-0.2730
Large Convoy,8,50947,5453,0.1070,0.2703,0.6650,0.3893,0.2757,0.1117,-0.9265,-0.2531
Large Convoy,9,51275,8857,0.1727,0.2986,1.0069,0.4068,0.6001,0.0885,-0.5472,0.2878
Large Convoy,10,44968,14344,0.3190,0.3230,1.0866,0.3722,0.7144,0.0685,-0.0125,0.7072
Large Convoy,11,28602,14005,0.4897,0.3446,0.9318,0.3932,0.5386,0.0708,0.3514,0.7391
Large Convoy,12,10914,6753,0.6187,0.3589,0.9126,0.4260,0.4866,0.1047,0.5447,0.7975
Lava Flows,1,14469,3592,0.2483,0.2844,0.0258,0.2944,-0.2686,0.1325,-0.1358,-0.3461
Lava Flows,2,16698,4583,0.2745,0.2194,0.0595,0.2283,-0.1689,0.1180,0.2237,-0.0412
Lava Flows,3,18047,5644,0.3127,0.2123,0.0647,0.2606,-0.1959,0.1049,0.3876,0.0253
Lava Flows,4,18398,6033,0.3279,0.2136,-0.0388,0.2770,-0.3159,0.1019,0.4289,-0.0711
Lava Flows,5,18326,5847,0.3191,0.2196,0.0466,0.2811,-0.2346,0.1023,0.3737,-0.0213
Lava Flows,6,18612,5260,0.2826,0.2281,0.0313,0.3350,-0.3037,0.1095,0.2144,-0.1814
Lava Flows,7,19566,5229,0.2672,0.2441,0.3431,0.3433,-0.0002,0.1109,0.0906,0.0515
Lava Flows,8,20586,6148,0.2986,0.2703,0.6768,0.3893,0.2875,0.0994,0.0996,0.3443
Lava Flows,9,19989,6450,0.3227,0.2986,0.8071,0.4068,0.4003,0.0988,0.0777,0.4446
Lava Flows,10,17191,5497,0.3198,0.3230,0.9309,0.3722,0.5587,0.1079,-0.0100,0.5529
Lava Flows,11,11841,3175,0.2681,0.3446,1.1587,0.3932,0.7655,0.1428,-0.2508,0.6224
Lava Flows,12,5458,1175,0.2153,0.3589,1.5284,0.4260,1.1024,0.2334,-0.5110,0.8108
Lava Tube Settlement,1,11295,2936,0.2599,0.2844,-0.9374,0.2944,-1.2318,0.1394,-0.0898,-1.2831
Lava Tube Settlement,2,13318,2896,0.2175,0.2194,-0.8040,0.2283,-1.0323,0.1429,-0.0092,-1.0375
Lava Tube Settlement,3,15347,3376,0.2200,0.2123,-0.7959,0.2606,-1.0565,0.1324,0.0358,-1.0361
Lava Tube Settlement,4,17213,3843,0.2233,0.2136,-0.9532,0.2770,-1.2302,0.1212,0.0445,-1.2048
Lava Tube Settlement,5,18850,4544,0.2411,0.2196,-0.5413,0.2811,-0.8225,0.1113,0.0933,-0.7692
Lava Tube Settlement,6,20003,5122,0.2561,0.2281,-0.4406,0.3350,-0.7757,0.1076,0.1157,-0.7096
Lava Tube Settlement,7,20785,5576,0.2683,0.2441,-0.1352,0.3433,-0.4784,0.1040,0.0944,-0.4245
Lava Tube Settlement,8,21159,6242,0.2950,0.2703,-0.0605,0.3893,-0.4499,0.0986,0.0873,-0.4000
Lava Tube Settlement,9,20378,6758,0.3316,0.2986,0.2147,0.4068,-0.1921,0.0956,0.1050,-0.1322
Lava Tube Settlement,10,17239,6196,0.3594,0.3230,0.0475,0.3722,-0.3247,0.1015,0.1069,-0.2637
Lava Tube Settlement,11,11301,4322,0.3824,0.3446,0.2593,0.3932,-0.1339,0.1290,0.1043,-0.0744
Lava Tube Settlement,12,4462,1708,0.3828,0.3589,0.0641,0.4260,-0.3618,0.2067,0.0645,-0.3250
Lichen,1,14371,1180,0.0821,0.2844,0.2882,0.2944,-0.0061,0.2299,-1.2422,-0.7150
Lichen,2,18715,1691,0.0904,0.2194,0.3517,0.2283,0.1234,0.1937,-0.8874,-0.3830
Lichen,3,22664,3572,0.1576,0.2123,0.1790,0.2606,-0.0816,0.1320,-0.2977,-0.2514
Lichen,4,25002,6059,0.2423,0.2136,0.0414,0.2770,-0.2356,0.1017,0.1265,-0.1635
Lichen,5,25149,8284,0.3294,0.2196,0.0680,0.2811,-0.2131,0.0870,0.4056,0.0183
Lichen,6,23144,8943,0.3864,0.2281,0.0429,0.3350,-0.2921,0.0838,0.5272,0.0088
Lichen,7,20607,8958,0.4347,0.2441,-0.1417,0.3433,-0.4850,0.0834,0.5771,-0.1556
Lichen,8,17858,8295,0.4645,0.2703,0.1417,0.3893,-0.2477,0.0877,0.5413,0.0612
Lichen,9,14696,6861,0.4669,0.2986,0.2031,0.4068,-0.2038,0.0933,0.4470,0.0514
Lichen,10,11496,4898,0.4261,0.3230,0.2542,0.3722,-0.1180,0.1118,0.2770,0.0400
Lichen,11,7465,2760,0.3697,0.3446,0.3082,0.3932,-0.0850,0.1532,0.0705,-0.0448
Lichen,12,3324,1180,0.3550,0.3589,0.4083,0.4260,-0.0177,0.2441,-0.0109,-0.0239
Lightning Harvest,1,7042,245,0.0348,0.2844,0.3683,0.2944,0.0739,0.5108,-2.1009,-1.1250
Lightning Harvest,2,10409,832,0.0799,0.2194,0.3667,0.2283,0.1384,0.2663,-1.0100,-0.4380
Lightning Harvest,3,13522,1859,0.1375,0.2123,0.2704,0.2606,0.0098,0.1827,-0.4343,-0.2381
Lightning Harvest,4,16017,2911,0.1817,0.2136,0.5134,0.2770,0.2364,0.1514,-0.1613,0.1443
Lightning Harvest,5,17633,3816,0.2164,0.2196,0.2347,0.2811,-0.0464,0.1257,-0.0145,-0.0547
Lightning Harvest,6,18721,4673,0.2496,0.2281,0.2726,0.3350,-0.0625,0.1139,0.0902,-0.0110
Lightning Harvest,7,19223,5118,0.2662,0.2441,0.3302,0.3433,-0.0131,0.1071,0.0868,0.0365
Lightning Harvest,8,19245,5667,0.2945,0.2703,0.2496,0.3893,-0.1398,0.1058,0.0855,-0.0910
Lightning Harvest,9,18181,5814,0.3198,0.2986,0.0928,0.4068,-0.3140,0.1027,0.0686,-0.2748
Lightning Harvest,10,15532,5284,0.3402,0.3230,0.3042,0.3722,-0.0680,0.1113,0.0519,-0.0384
Lightning Harvest,11,10268,3833,0.3733,0.3446,0.3444,0.3932,-0.0488,0.1405,0.0801,-0.0031
Lightning Harvest,12,4184,1763,0.4214,0.3589,0.5525,0.4260,0.1265,0.2043,0.1605,0.2181
Livestock,1,5948,237,0.0398,0.2844,-2.1895,0.2944,-2.4839,0.4915,-1.9653,-3.6055
Livestock,2,8640,0,0.0000,0.2194,,0.2283,,,,
Livestock,3,11958,2,0.0002,0.2123,8.0336,0.2606,7.7730,5.4397,-7.1460,3.6949
Livestock,4,15642,9,0.0006,0.2136,-1.0409,0.2770,-1.3179,2.6968,-5.9166,-4.6944
Livestock,5,19750,50,0.0025,0.2196,-1.5788,0.2811,-1.8599,1.3396,-4.4628,-4.4068
Livestock,6,24434,378,0.0155,0.2281,1.0338,0.3350,0.6988,0.4105,-2.6908,-0.8368
Livestock,7,29416,1561,0.0531,0.2441,0.7940,0.3433,0.4508,0.2201,-1.5260,-0.4201
Livestock,8,33354,4552,0.1365,0.2703,0.5231,0.3893,0.1338,0.1251,-0.6835,-0.2563
Livestock,9,33765,9120,0.2701,0.2986,0.4759,0.4068,0.0691,0.0889,-0.1002,0.0119
Livestock,10,27348,10961,0.4008,0.3230,0.4661,0.3722,0.0939,0.0788,0.2158,0.2171
Livestock,11,15327,6891,0.4496,0.3446,0.2876,0.3932,-0.1056,0.1000,0.2661,0.0463
Livestock,12,5395,2469,0.4576,0.3589,0.1511,0.4260,-0.2748,0.1717,0.2431,-0.1361
Local Heat Trapping,1,5756,4,0.0007,0.2844,-3.9445,0.2944,-4.2389,3.7159,-6.0142,-7.6711
Local Heat Trapping,2,8786,62,0.0071,0.2194,1.2079,0.2283,0.9796,0.9286,-3.4371,-0.9819
Local Heat Trapping,3,12279,427,0.0348,0.2123,-0.3406,0.2606,-0.6012,0.3681,-1.8089,-1.6335
Local Heat Trapping,4,16057,972,0.0605,0.2136,-0.7939,0.2770,-1.0709,0.2637,-1.2607,-1.7903
Local Heat Trapping,5,19856,1651,0.0831,0.2196,-0.0215,0.2811,-0.3027,0.2029,-0.9711,-0.8569
Local Heat Trapping,6,23670,2608,0.1102,0.2281,0.3904,0.3350,0.0554,0.1581,-0.7276,-0.3599
Local Heat Trapping,7,27158,3301,0.1215,0.2441,0.3073,0.3433,-0.0359,0.1422,-0.6973,-0.4338
Local Heat Trapping,8,30174,3827,0.1268,0.2703,0.4532,0.3893,0.0639,0.1320,-0.7568,-0.3680
Local Heat Trapping,9,31820,4943,0.1553,0.2986,0.3914,0.4068,-0.0154,0.1183,-0.6534,-0.3883
Local Heat Trapping,10,30374,7617,0.2508,0.3230,0.3882,0.3722,0.0160,0.0988,-0.2531,-0.1285
Local Heat Trapping,11,21776,8248,0.3788,0.3446,0.2593,0.3932,-0.1339,0.0971,0.0947,-0.0799
Local Heat Trapping,12,9627,4664,0.4845,0.3589,0.2740,0.4260,-0.1520,0.1325,0.3001,0.0193
Lunar Beam,1,10529,4405,0.4184,0.2844,-0.2817,0.2944,-0.5761,0.1201,0.3861,-0.3557
Lunar Beam,2,10418,4004,0.3843,0.2194,-0.2592,0.2283,-0.4876,0.1282,0.5604,-0.1678
Lunar Beam,3,10445,3685,0.3528,0.2123,-0.3355,0.2606,-0.5961,0.1294,0.5081,-0.3061
Lunar Beam,4,10681,3409,0.3192,0.2136,-0.3763,0.2770,-0.6533,0.1368,0.4018,-0.4240
Lunar Beam,5,11024,2972,0.2696,0.2196,-0.3809,0.2811,-0.6620,0.1409,0.2052,-0.5449
Lunar Beam,6,11530,2565,0.2225,0.2281,-0.5472,0.3350,-0.8823,0.1539,-0.0249,-0.8965
Lunar Beam,7,12404,2276,0.1835,0.2441,-0.8710,0.3433,-1.2142,0.1572,-0.2854,-1.3771
Lunar Beam,8,13467,2006,0.1490,0.2703,-0.3696,0.3893,-0.7589,0.1768,-0.5960,-1.0990
Lunar Beam,9,14286,1635,0.1144,0.2986,-0.1575,0.4068,-0.5643,0.1941,-0.9589,-1.1116
Lunar Beam,10,14010,1175,0.0839,0.3230,-0.0819,0.3722,-0.4541,0.2253,-1.3484,-1.2236
Lunar Beam,11,10778,687,0.0637,0.3446,-0.3556,0.3932,-0.7488,0.3106,-1.6874,-1.7118
Lunar Beam,12,5058,285,0.0563,0.3589,0.8141,0.4260,0.3882,0.5514,-1.8515,-0.6684
Magnetic Field Dome,1,3525,270,0.0766,0.2844,-0.7412,0.2944,-1.0356,0.4355,-1.3117,-1.7842
Magnetic Field Dome,2,4658,297,0.0638,0.2194,-1.0230,0.2283,-1.2513,0.4121,-1.2360,-1.9567
Magnetic Field Dome,3,5896,412,0.0699,0.2123,-1.0079,0.2606,-1.2685,0.3138,-1.1110,-1.9026
Magnetic Field Dome,4,7265,552,0.0760,0.2136,-0.4833,0.2770,-0.7603,0.2856,-1.0334,-1.3501
Magnetic Field Dome,5,8945,763,0.0853,0.2196,-0.3772,0.2811,-0.6584,0.2584,-0.9455,-1.1980
Magnetic Field Dome,6,10735,1121,0.1044,0.2281,0.5378,0.3350,0.2028,0.2238,-0.7812,-0.2430
Magnetic Field Dome,7,12647,1540,0.1218,0.2441,0.1884,0.3433,-0.1549,0.1861,-0.6954,-0.5518
Magnetic Field Dome,8,14422,2112,0.1464,0.2703,0.5296,0.3893,0.1402,0.1746,-0.6130,-0.2096
Magnetic Field Dome,9,15912,2903,0.1824,0.2986,0.6482,0.4068,0.2414,0.1439,-0.4926,-0.0397
Magnetic Field Dome,10,15738,3662,0.2327,0.3230,0.4490,0.3722,0.0768,0.1360,-0.3279,-0.1103
Magnetic Field Dome,11,11765,3327,0.2828,0.3446,0.5196,0.3932,0.1264,0.1447,-0.1976,0.0137
Magnetic Field Dome,12,5398,1694,0.3138,0.3589,0.6388,0.4260,0.2128,0.2252,-0.1342,0.1362
Magnetic Field Generators,1,3596,78,0.0217,0.2844,-0.5891,0.2944,-0.8835,0.8045,-2.5734,-2.3521
Magnetic Field Generators,2,4984,62,0.0124,0.2194,-2.8912,0.2283,-3.1196,1.0648,-2.8702,-4.7576
Magnetic Field Generators,3,6633,105,0.0158,0.2123,-1.4492,0.2606,-1.7097,0.7912,-2.5959,-3.1912
Magnetic Field Generators,4,8519,169,0.0198,0.2136,-1.3304,0.2770,-1.6074,0.4925,-2.3763,-2.9635
Magnetic Field Generators,5,10796,265,0.0245,0.2196,-0.2372,0.2811,-0.5183,0.5163,-2.1912,-1.7688
Magnetic Field Generators,6,13252,473,0.0357,0.2281,0.2233,0.3350,-0.1117,0.3561,-1.8548,-1.1702
Magnetic Field Generators,7,16213,814,0.0502,0.2441,0.4708,0.3433,0.1275,0.2770,-1.5814,-0.7750
Magnetic Field Generators,8,19147,1441,0.0753,0.2703,0.3118,0.3893,-0.0775,0.2086,-1.2787,-0.8072
Magnetic Field Generators,9,21443,2286,0.1066,0.2986,0.1492,0.4068,-0.2576,0.1674,-1.0298,-0.8454
Magnetic Field Generators,10,21130,3279,0.1552,0.3230,0.3300,0.3722,-0.0422,0.1421,-0.7330,-0.4605
Magnetic Field Generators,11,15684,3319,0.2116,0.3446,0.7919,0.3932,0.3987,0.1477,-0.4875,0.1205
Magnetic Field Generators,12,7228,1976,0.2734,0.3589,0.7063,0.4260,0.2803,0.1949,-0.2721,0.1250
Mangrove,1,11010,84,0.0076,0.2844,-2.0545,0.2944,-2.3489,0.6024,-3.6182,-4.4138
Mangrove,2,15430,0,0.0000,0.2194,,0.2283,,,,
Mangrove,3,20379,0,0.0000,0.2123,,0.2606,,,,
Mangrove,4,25507,0,0.0000,0.2136,,0.2770,,,,
Mangrove,5,31151,2,0.0001,0.2196,0.3958,0.2811,0.1146,5.4938,-8.1374,-4.5293
Mangrove,6,37309,30,0.0008,0.2281,0.8235,0.3350,0.4885,1.4239,-5.6477,-2.7346
Mangrove,7,43773,431,0.0098,0.2441,1.7398,0.3433,1.3966,0.4318,-3.2105,-0.4356
Mangrove,8,49997,2516,0.0503,0.2703,1.4976,0.3893,1.1082,0.1654,-1.6812,0.1488
Mangrove,9,52783,8206,0.1555,0.2986,1.2737,0.4068,0.8669,0.0914,-0.6526,0.4945
Mangrove,10,46989,14433,0.3072,0.3230,1.0340,0.3722,0.6618,0.0688,-0.0503,0.6331
Mangrove,11,31215,13681,0.4383,0.3446,0.6459,0.3932,0.2527,0.0729,0.2406,0.3900
Mangrove,12,13602,7377,0.5423,0.3589,0.3055,0.4260,-0.1205,0.1019,0.4129,0.1152
Mars University,1,17074,5808,0.3402,0.2844,0.5345,0.2944,0.2402,0.1033,0.1792,0.3424
Mars University,2,17941,7752,0.4321,0.2194,0.6988,0.2283,0.4704,0.0906,0.6775,0.8570
Mars University,3,17167,8122,0.4731,0.2123,0.8840,0.2606,0.6234,0.0887,0.8016,1.0808
Mars University,4,16246,8330,0.5127,0.2136,0.8367,0.2770,0.5597,0.0870,0.8759,1.0595
Mars University,5,15216,8418,0.5532,0.2196,0.9132,0.2811,0.6321,0.0856,0.9241,1.1594
Mars University,6,14341,8373,0.5839,0.2281,0.6326,0.3350,0.2975,0.0872,0.9399,0.8340
Mars University,7,13852,8592,0.6203,0.2441,0.5766,0.3433,0.2334,0.0844,0.9326,0.7656
Mars University,8,12844,8585,0.6684,0.2703,0.5057,0.3893,0.1164,0.0841,0.9052,0.6330
Mars University,9,11407,8246,0.7229,0.2986,0.3636,0.4068,-0.0432,0.0882,0.8843,0.4614
Mars University,10,9423,7242,0.7685,0.3230,0.3982,0.3722,0.0260,0.0958,0.8669,0.5207
Mars University,11,6030,4919,0.8158,0.3446,0.3758,0.3932,-0.0174,0.1200,0.8619,0.4744
Mars University,12,2516,2164,0.8601,0.3589,0.5808,0.4260,0.1549,0.1916,0.8741,0.6537
Martian Rails,1,4373,54,0.0123,0.2844,-1.0561,0.2944,-1.3505,0.4181,-3.1367,-3.1406
Martian Rails,2,6241,272,0.0436,0.2194,-0.3928,0.2283,-0.6211,0.4089,-1.6165,-1.5436
Martian Rails,3,8075,449,0.0556,0.2123,-0.0935,0.2606,-0.3541,0.3648,-1.3395,-1.1185
Martian Rails,4,9879,699,0.0708,0.2136,-0.2621,0.2770,-0.5391,0.2592,-1.1047,-1.1695
Martian Rails,5,11895,959,0.0806,0.2196,-0.0675,0.2811,-0.3487,0.2275,-1.0019,-0.9205
Martian Rails,6,13910,1418,0.1019,0.2281,0.2126,0.3350,-0.1224,0.2031,-0.8053,-0.5820
Martian Rails,7,15913,2085,0.1310,0.2441,-0.0488,0.3433,-0.3921,0.1654,-0.6222,-0.7471
Martian Rails,8,17480,2599,0.1487,0.2703,0.3020,0.3893,-0.0873,0.1504,-0.5978,-0.4285
Martian Rails,9,18077,3030,0.1676,0.2986,0.2406,0.4068,-0.1662,0.1363,-0.5773,-0.4957
Martian Rails,10,16605,2847,0.1715,0.3230,0.0537,0.3722,-0.3185,0.1389,-0.6333,-0.6799
Martian Rails,11,11686,1972,0.1687,0.3446,-0.0727,0.3932,-0.4659,0.1728,-0.7138,-0.8733
Martian Rails,12,4899,854,0.1743,0.3589,0.3173,0.4260,-0.1086,0.2859,-0.7221,-0.5207
Martian Survey,1,13381,4882,0.3648,0.2844,-0.5989,0.2944,-0.8933,0.1072,0.2492,-0.7511
Martian Survey,2,14281,5464,0.3826,0.2194,-0.6762,0.2283,-0.9046,0.1058,0.5559,-0.5874
Martian Survey,3,14661,5991,0.4086,0.2123,-0.2079,0.2606,-0.4685,0.1012,0.6551,-0.0947
Martian Survey,4,14495,6204,0.4280,0.2136,-0.0391,0.2770,-0.3162,0.1015,0.6953,0.0806
Martian Survey,5,14121,6301,0.4462,0.2196,0.0307,0.2811,-0.2504,0.0976,0.7091,0.1542
Martian Survey,6,13356,6000,0.4492,0.2281,0.3584,0.3350,0.0234,0.1014,0.6778,0.4102
Martian Survey,7,12152,5142,0.4231,0.2441,0.4402,0.3433,0.0969,0.1084,0.5501,0.4109
Martian Survey,8,11187,3877,0.3466,0.2703,0.4858,0.3893,0.0964,0.1242,0.2484,0.2382
Martian Survey,9,10296,1933,0.1877,0.2986,0.7281,0.4068,0.3212,0.1714,-0.4639,0.0565
Martian Survey,10,9667,623,0.0644,0.3230,0.7603,0.3722,0.3881,0.3274,-1.6118,-0.5317
Martian Survey,11,7616,95,0.0125,0.3446,1.8606,0.3932,1.4674,0.9438,-3.3186,-0.4265
Martian Survey,12,3864,9,0.0023,0.3589,0.0166,0.4260,-0.4094,2.2933,-5.0375,-3.2842
Mass Converter,1,16071,45,0.0028,0.2844,4.4707,0.2944,4.1763,1.2407,-4.6206,1.5393
Mass Converter,2,22444,372,0.0166,0.2194,3.5891,0.2283,3.3607,0.3849,-2.5833,1.8865
Mass Converter,3,28479,1470,0.0516,0.2123,3.0340,0.2606,2.7734,0.2025,-1.4139,1.9665
Mass Converter,4,33802,3769,0.1115,0.2136,2.9213,0.2770,2.6443,0.1207,-0.6498,2.2734
Mass Converter,5,36966,6745,0.1825,0.2196,2.4178,0.2811,2.1366,0.0952,-0.1852,2.0310
Mass Converter,6,37515,9753,0.2600,0.2281,1.9887,0.3350,1.6537,0.0787,0.1309,1.7284
Mass Converter,7,35055,11881,0.3389,0.2441,1.1968,0.3433,0.8536,0.0712,0.3282,1.0409
Mass Converter,8,30229,12688,0.4197,0.2703,0.6198,0.3893,0.2305,0.0698,0.4400,0.4815
Mass Converter,9,23774,11032,0.4640,0.2986,0.2743,0.4068,-0.1325,0.0745,0.4410,0.1191
Mass Converter,10,16957,8103,0.4779,0.3230,0.1859,0.3722,-0.1863,0.0898,0.3917,0.0372
Mass Converter,11,9577,4693,0.4900,0.3446,0.1924,0.3932,-0.2008,0.1190,0.3522,0.0002
Mass Converter,12,3605,1869,0.5184,0.3589,0.5342,0.4260,0.1083,0.1998,0.3679,0.3182
Media Archives,1,7922,34,0.0043,0.2844,0.3149,0.2944,0.0206,1.0550,-4.1935,-2.3727
Media Archives,2,11865,52,0.0044,0.2194,0.6129,0.2283,0.3845,1.4482,-3.9135,-1.8489
Media Archives,3,16100,99,0.0061,0.2123,0.5923,0.2606,0.3317,0.8045,-3.5415,-1.6894
Media Archives,4,20843,175,0.0084,0.2136,0.4317,0.2770,0.1546,0.6531,-3.2361,-1.6922
Media Archives,5,25965,301,0.0116,0.2196,0.1463,0.2811,-0.1348,0.4281,-2.9414,-1.8134
Media Archives,6,31564,632,0.0200,0.2281,0.6053,0.3350,0.2703,0.3207,-2.4328,-1.1181
Media Archives,7,37509,1273,0.0339,0.2441,1.2701,0.3433,0.9268,0.2284,-1.9730,-0.1991
Media Archives,8,42886,2767,0.0645,0.2703,0.6436,0.3893,0.2542,0.1568,-1.4327,-0.5634
Media Archives,9,45668,6310,0.1382,0.2986,0.7978,0.4068,0.3910,0.1039,-0.7705,-0.0487
Media Archives,10,42459,12241,0.2883,0.3230,0.3516,0.3722,-0.0206,0.0748,-0.1136,-0.0854
Media Archives,11,29382,13959,0.4751,0.3446,0.4175,0.3932,0.0243,0.0723,0.3212,0.2077
Media Archives,12,12374,7419,0.5996,0.3589,0.2502,0.4260,-0.1757,0.0995,0.5132,0.1172
Media Group,1,17050,6984,0.4096,0.2844,0.9824,0.2944,0.6880,0.0930,0.3650,0.8963
Media Group,2,16871,7260,0.4303,0.2194,0.9910,0.2283,0.7627,0.0907,0.6734,1.1470
Media Group,3,16703,7781,0.4658,0.2123,0.8903,0.2606,0.6297,0.0894,0.7861,1.0783
Media Group,4,16318,8209,0.5031,0.2136,0.7075,0.2770,0.4305,0.0872,0.8568,0.9195
Media Group,5,15683,8362,0.5332,0.2196,0.7329,0.2811,0.4518,0.0870,0.8872,0.9581
Media Group,6,14983,8540,0.5700,0.2281,0.7422,0.3350,0.4072,0.0860,0.9159,0.9298
Media Group,7,14358,8780,0.6115,0.2441,0.7409,0.3433,0.3976,0.0845,0.9184,0.9217
Media Group,8,13255,8745,0.6598,0.2703,0.7214,0.3893,0.3321,0.0843,0.8922,0.8413
Media Group,9,11741,7990,0.6805,0.2986,0.6438,0.4068,0.2369,0.0871,0.8239,0.7071
Media Group,10,9469,6472,0.6835,0.3230,0.7126,0.3722,0.3404,0.1007,0.7496,0.7682
Media Group,11,5973,3995,0.6688,0.3446,0.9053,0.3932,0.5120,0.1364,0.6633,0.8906
Media Group,12,2544,1688,0.6635,0.3589,0.9564,0.4260,0.5304,0.2033,0.6146,0.8812
Medical Lab,1,15044,437,0.0290,0.2844,-0.0604,0.2944,-0.3548,0.3777,-2.2813,-1.6567
Medical Lab,2,20664,1180,0.0571,0.2194,0.5919,0.2283,0.3636,0.2298,-1.3462,-0.4047
Medical Lab,3,25905,2695,0.1040,0.2123,0.7568,0.2606,0.4962,0.1537,-0.7130,0.0893
Medical Lab,4,29742,4970,0.1671,0.2136,0.6457,0.2770,0.3686,0.1161,-0.2453,0.2287
Medical Lab,5,31600,7252,0.2295,0.2196,0.5424,0.2811,0.2612,0.0941,0.0442,0.2864
Medical Lab,6,31499,9400,0.2984,0.2281,0.5060,0.3350,0.1710,0.0828,0.2688,0.3244
Medical Lab,7,29433,10676,0.3627,0.2441,0.3432,0.3433,-0.0001,0.0774,0.3961,0.2260
Medical Lab,8,25934,11013,0.4247,0.2703,0.2156,0.3893,-0.1737,0.0745,0.4516,0.0840
Medical Lab,9,21520,10439,0.4851,0.2986,0.1060,0.4068,-0.3008,0.0774,0.4853,-0.0239
Medical Lab,10,15804,8321,0.5265,0.3230,0.0386,0.3722,-0.3336,0.0878,0.4887,-0.0547
Medical Lab,11,9037,4929,0.5454,0.3446,0.2189,0.3932,-0.1743,0.1173,0.4593,0.0878
Medical Lab,12,3429,2023,0.5900,0.3589,0.3003,0.4260,-0.1257,0.1960,0.4971,0.1580
Methane From Titan,1,14178,1234,0.0870,0.2844,0.3924,0.2944,0.0980,0.2225,-1.1839,-0.5776
Methane From Titan,2,18362,1425,0.0776,0.2194,0.4051,0.2283,0.1767,0.2226,-1.0395,-0.4165
Methane From Titan,3,22333,2779,0.1244,0.2123,0.5477,0.2606,0.2871,0.1550,-0.5340,-0.0177
Methane From Titan,4,25194,4297,0.1706,0.2136,0.1257,0.2770,-0.1513,0.1222,-0.2248,-0.2796
Methane From Titan,5,26789,5612,0.2095,0.2196,0.0862,0.2811,-0.1949,0.1072,-0.0470,-0.2217
Methane From Titan,6,27053,6522,0.2411,0.2281,0.1504,0.3350,-0.1846,0.0985,0.0554,-0.1530
Methane From Titan,7,26717,7400,0.2770,0.2441,-0.0476,0.3433,-0.3908,0.0932,0.1264,-0.3187
Methane From Titan,8,25341,7474,0.2949,0.2703,0.0796,0.3893,-0.3098,0.0899,0.0871,-0.2601
Methane From Titan,9,23066,6861,0.2975,0.2986,0.2028,0.4068,-0.2041,0.0958,-0.0038,-0.2062
Methane From Titan,10,19437,6017,0.3096,0.3230,0.1879,0.3722,-0.1843,0.1029,-0.0425,-0.2085
Methane From Titan,11,12828,4193,0.3269,0.3446,0.4414,0.3932,0.0482,0.1263,-0.0527,0.0181
Methane From Titan,12,5253,1948,0.3708,0.3589,0.5606,0.4260,0.1347,0.1977,0.0328,0.1534
Micro-Mills,1,5052,2894,0.5728,0.2844,-0.5766,0.2944,-0.8710,0.1341,0.7003,-0.4713
Micro-Mills,2,4191,1850,0.4414,0.2194,-0.4469,0.2283,-0.6752,0.1742,0.6989,-0.2764
Micro-Mills,3,4361,1558,0.3573,0.2123,-0.6734,0.2606,-0.9340,0.1767,0.5207,-0.6369
Micro-Mills,4,4894,1416,0.2893,0.2136,-0.3063,0.2770,-0.5834,0.1876,0.3037,-0.4101
Micro-Mills,5,5635,1400,0.2484,0.2196,0.0011,0.2811,-0.2800,0.1945,0.1235,-0.2095
Micro-Mills,6,6533,1330,0.2036,0.2281,0.3944,0.3350,0.0594,0.1994,-0.1136,-0.0055
Micro-Mills,7,7711,1292,0.1676,0.2441,0.7628,0.3433,0.4196,0.2053,-0.3763,0.2049
Micro-Mills,8,9008,1303,0.1446,0.2703,0.9250,0.3893,0.5356,0.2019,-0.6253,0.1788
Micro-Mills,9,10177,1139,0.1119,0.2986,0.5420,0.4068,0.1352,0.2275,-0.9812,-0.4248
Micro-Mills,10,10440,876,0.0839,0.3230,0.5148,0.3722,0.1426,0.2490,-1.3479,-0.6267
Micro-Mills,11,8183,540,0.0660,0.3446,0.2897,0.3932,-0.1035,0.3338,-1.6527,-1.0467
Micro-Mills,12,3961,233,0.0588,0.3589,0.8867,0.4260,0.4607,0.5484,-1.8084,-0.5714
Mine,1,17142,15289,0.8919,0.2844,0.5361,0.2944,0.2418,0.0644,1.1431,0.8941
Mine,2,8534,7505,0.8794,0.2194,0.3883,0.2283,0.1599,0.0921,1.3881,0.9521
Mine,3,7872,6939,0.8815,0.2123,0.1178,0.2606,-0.1428,0.0954,1.4238,0.6698
Mine,4,7495,6543,0.8730,0.2136,0.2671,0.2770,-0.0099,0.0972,1.4080,0.7936
Mine,5,7428,6418,0.8640,0.2196,0.2037,0.2811,-0.0774,0.0965,1.3699,0.7043
Mine,6,7360,6143,0.8346,0.2281,0.2395,0.3350,-0.0955,0.0983,1.2973,0.6448
Mine,7,7141,5646,0.7906,0.2441,0.1041,0.3433,-0.2391,0.0997,1.1753,0.4316
Mine,8,6936,4966,0.7160,0.2703,0.2273,0.3893,-0.1620,0.1080,0.9740,0.3939
Mine,9,6743,4089,0.6064,0.2986,0.3761,0.4068,-0.0307,0.1199,0.7086,0.3736
Mine,10,5982,2746,0.4590,0.3230,0.4761,0.3722,0.1039,0.1388,0.3515,0.3045
Mine,11,4534,1461,0.3222,0.3446,0.2727,0.3932,-0.1205,0.2026,-0.0670,-0.1588
Mine,12,2229,591,0.2651,0.3589,0.1043,0.4260,-0.3217,0.3286,-0.3027,-0.4944
Mineral Deposit,1,15773,5847,0.3707,0.2844,0.1651,0.2944,-0.1293,0.1020,0.2651,0.0220
Mineral Deposit,2,16542,6156,0.3721,0.2194,0.1883,0.2283,-0.0401,0.0999,0.5282,0.2614
Mineral Deposit,3,17127,6811,0.3977,0.2123,0.5763,0.2606,0.3157,0.0957,0.6279,0.6741
Mineral Deposit,4,17290,7303,0.4224,0.2136,0.3083,0.2770,0.0312,0.0937,0.6820,0.4205
Mineral Deposit,5,16906,7601,0.4496,0.2196,0.1319,0.2811,-0.1492,0.0912,0.7167,0.2598
Mineral Deposit,6,16586,7926,0.4779,0.2281,0.2939,0.3350,-0.0412,0.0880,0.7396,0.3809
Mineral Deposit,7,16148,8014,0.4963,0.2441,0.4135,0.3433,0.0702,0.0886,0.7096,0.4752
Mineral Deposit,8,15565,7931,0.5095,0.2703,0.4275,0.3893,0.0382,0.0891,0.6339,0.3999
Mineral Deposit,9,14697,7774,0.5290,0.2986,0.7814,0.4068,0.3746,0.0916,0.5719,0.7010
Mineral Deposit,10,12541,6970,0.5558,0.3230,0.4751,0.3722,0.1029,0.0964,0.5427,0.4126
Mineral Deposit,11,8390,4828,0.5754,0.3446,0.5291,0.3932,0.1359,0.1214,0.5129,0.4286
Mineral Deposit,12,3515,2119,0.6028,0.3589,0.6462,0.4260,0.2202,0.1906,0.5187,0.5162
Mining Area,1,17088,8280,0.4846,0.2844,1.2168,0.2944,0.9224,0.0867,0.5330,1.2266
Mining Area,2,15518,6594,0.4249,0.2194,0.9930,0.2283,0.7646,0.0973,0.6608,1.1417
Mining Area,3,15803,7301,0.4620,0.2123,0.8614,0.2606,0.6008,0.0930,0.7778,1.0447
Mining Area,4,15376,7570,0.4923,0.2136,0.5932,0.2770,0.3162,0.0894,0.8353,0.7929
Mining Area,5,15050,7820,0.5196,0.2196,0.4798,0.2811,0.1987,0.0884,0.8614,0.6903
Mining Area,6,14500,7970,0.5497,0.2281,0.4863,0.3350,0.1512,0.0881,0.8796,0.6532
Mining Area,7,13765,7840,0.5696,0.2441,0.2584,0.3433,-0.0849,0.0884,0.8473,0.3987
Mining Area,8,13068,7571,0.5794,0.2703,0.4001,0.3893,0.0108,0.0912,0.7623,0.4458
Mining Area,9,12079,7117,0.5892,0.2986,0.2257,0.4068,-0.1812,0.0948,0.6798,0.2068
Mining Area,10,10112,5797,0.5733,0.3230,0.4209,0.3722,0.0487,0.1076,0.5738,0.3761
Mining Area,11,6585,3636,0.5522,0.3446,0.3636,0.3932,-0.0297,0.1401,0.4716,0.2395
Mining Area,12,2761,1491,0.5400,0.3589,0.5396,0.4260,0.1137,0.2169,0.4086,0.3469
Mining Expedition,1,6751,778,0.1152,0.2844,-0.2942,0.2944,-0.5886,0.2872,-0.9032,-1.1041
Mining Expedition,2,9377,1555,0.1658,0.2194,-0.7659,0.2283,-0.9942,0.1831,-0.2801,-1.1541
Mining Expedition,3,11544,2400,0.2079,0.2123,-0.8723,0.2606,-1.1329,0.1525,-0.0207,-1.1447
Mining Expedition,4,13235,2700,0.2040,0.2136,-0.4539,0.2770,-0.7309,0.1456,-0.0457,-0.7570
Mining Expedition,5,14758,3056,0.2071,0.2196,-0.6047,0.2811,-0.8858,0.1389,-0.0586,-0.9193
Mining Expedition,6,16228,3560,0.2194,0.2281,-0.2501,0.3350,-0.5852,0.1345,-0.0389,-0.6074
Mining Expedition,7,17716,4303,0.2429,0.2441,0.3863,0.3433,0.0430,0.1236,-0.0050,0.0402
Mining Expedition,8,18553,5436,0.2930,0.2703,0.3578,0.3893,-0.0315,0.1115,0.0805,0.0144
Mining Expedition,9,17783,5734,0.3224,0.2986,0.3409,0.4068,-0.0659,0.1051,0.0769,-0.0220
Mining Expedition,10,14914,4324,0.2899,0.3230,0.5557,0.3722,0.1834,0.1210,-0.1080,0.1218
Mining Expedition,11,10046,2131,0.2121,0.3446,0.7150,0.3932,0.3218,0.1673,-0.4851,0.0450
Mining Expedition,12,4441,546,0.1229,0.3589,0.8161,0.4260,0.3901,0.3907,-1.0712,-0.2212
Mining Rights,1,17500,14874,0.8499,0.2844,0.9633,0.2944,0.6689,0.0638,1.0949,1.2938
Mining Rights,2,9636,8085,0.8390,0.2194,0.4958,0.2283,0.2675,0.0877,1.3411,1.0328
Mining Rights,3,8687,7256,0.8353,0.2123,0.5312,0.2606,0.2706,0.0941,1.3700,1.0525
Mining Rights,4,8815,7434,0.8433,0.2136,0.3666,0.2770,0.0896,0.0909,1.3735,0.8734
Mining Rights,5,8813,7326,0.8313,0.2196,0.3670,0.2811,0.0859,0.0923,1.3312,0.8456
Mining Rights,6,9174,7440,0.8110,0.2281,0.2624,0.3350,-0.0726,0.0918,1.2685,0.6514
Mining Rights,7,9160,7356,0.8031,0.2441,0.2579,0.3433,-0.0853,0.0902,1.1909,0.5943
Mining Rights,8,9075,7093,0.7816,0.2703,0.1262,0.3893,-0.2631,0.0922,1.0617,0.3428
Mining Rights,9,8332,5977,0.7174,0.2986,0.0686,0.4068,-0.3382,0.1002,0.8766,0.1620
Mining Rights,10,7262,4665,0.6424,0.3230,0.1868,0.3722,-0.1854,0.1171,0.6876,0.2070
Mining Rights,11,5066,2793,0.5513,0.3446,0.0711,0.3932,-0.3221,0.1562,0.4701,-0.0538
Mining Rights,12,2313,1129,0.4881,0.3589,0.3726,0.4260,-0.0534,0.2564,0.3076,0.1222
Miranda Resort,1,14740,1271,0.0862,0.2844,0.9557,0.2944,0.6613,0.2216,-1.1933,-0.0197
Miranda Resort,2,18968,2825,0.1489,0.2194,0.7309,0.2283,0.5026,0.1551,-0.3876,0.2814
Miranda Resort,3,21700,4171,0.1922,0.2123,0.8871,0.2606,0.6265,0.1247,-0.0992,0.5699
Miranda Resort,4,23461,5498,0.2343,0.2136,0.7410,0.2770,0.4640,0.1087,0.0929,0.5170
Miranda Resort,5,24171,6210,0.2569,0.2196,0.7092,0.2811,0.4281,0.1010,0.1571,0.5177
Miranda Resort,6,24525,7198,0.2935,0.2281,0.6218,0.3350,0.2867,0.0942,0.2522,0.4306
Miranda Resort,7,24122,7977,0.3307,0.2441,0.5245,0.3433,0.1812,0.0892,0.3036,0.3545
Miranda Resort,8,22826,8488,0.3719,0.2703,0.3457,0.3893,-0.0437,0.0848,0.3189,0.1383
Miranda Resort,9,20418,8709,0.4265,0.2986,0.2974,0.4068,-0.1095,0.0829,0.3567,0.0941
Miranda Resort,10,16341,7767,0.4753,0.3230,0.1568,0.3722,-0.2154,0.0914,0.3863,0.0050
Miranda Resort,11,10109,5358,0.5300,0.3446,0.3047,0.3932,-0.0885,0.1124,0.4307,0.1573
Miranda Resort,12,3925,2314,0.5896,0.3589,0.3259,0.4260,-0.1001,0.1782,0.4964,0.1832
Mohole Area,1,14653,9430,0.6436,0.2844,0.8869,0.2944,0.5925,0.0843,0.8167,1.0586
Mohole Area,2,10763,5552,0.5158,0.2194,0.2777,0.2283,0.0494,0.1050,0.8547,0.5371
Mohole Area,3,10433,4842,0.4641,0.2123,0.1943,0.2606,-0.0663,0.1138,0.7823,0.3802
Mohole Area,4,10479,4202,0.4010,0.2136,-0.0168,0.2770,-0.2938,0.1234,0.6301,0.0658
Mohole Area,5,10951,3687,0.3367,0.2196,-0.1083,0.2811,-0.3895,0.1318,0.4274,-0.1456
Mohole Area,6,11599,3156,0.2721,0.2281,-0.1844,0.3350,-0.5194,0.1403,0.1764,-0.4187
Mohole Area,7,12554,2786,0.2219,0.2441,-0.4331,0.3433,-0.7764,0.1459,-0.0952,-0.8307
Mohole Area,8,13651,2409,0.1765,0.2703,-0.2581,0.3893,-0.6474,0.1521,-0.4265,-0.8908
Mohole Area,9,14538,2024,0.1392,0.2986,-0.0054,0.4068,-0.4122,0.1714,-0.7629,-0.8476
Mohole Area,10,14360,1491,0.1038,0.3230,-0.3891,0.3722,-0.7613,0.2043,-1.1349,-1.4090
Mohole Area,11,11217,1102,0.0982,0.3446,0.4080,0.3932,0.0148,0.2511,-1.2548,-0.7013
Mohole Area,12,5608,531,0.0947,0.3589,-0.3868,0.4260,-0.8127,0.3241,-1.3324,-1.5731
Moss,1,13948,986,0.0707,0.2844,0.6695,0.2944,0.3751,0.2541,-1.3919,-0.4192
Moss,2,18391,2089,0.1136,0.2194,0.2007,0.2283,-0.0276,0.1790,-0.6585,-0.4034
Moss,3,21980,3499,0.1592,0.2123,0.4760,0.2606,0.2154,0.1393,-0.2877,0.0513
Moss,4,24396,5184,0.2125,0.2136,0.4612,0.2770,0.1841,0.1124,-0.0050,0.1813
Moss,5,25450,6925,0.2721,0.2196,0.1580,0.2811,-0.1231,0.0972,0.2145,-0.0007
Moss,6,25087,8533,0.3401,0.2281,0.1920,0.3350,-0.1430,0.0880,0.3996,0.0851
Moss,7,23345,9613,0.4118,0.2441,0.1565,0.3433,-0.1867,0.0820,0.5229,0.1117
Moss,8,20355,9959,0.4893,0.2703,0.2325,0.3893,-0.1568,0.0792,0.5932,0.1817
Moss,9,16116,8797,0.5459,0.2986,0.1408,0.4068,-0.2661,0.0841,0.6034,0.0783
Moss,10,11152,5776,0.5179,0.3230,0.0803,0.3722,-0.2919,0.1051,0.4722,-0.0224
Moss,11,6667,3011,0.4516,0.3446,0.2860,0.3932,-0.1073,0.1422,0.2706,0.0472
Moss,12,2810,1168,0.4157,0.3589,0.0933,0.4260,-0.3327,0.2358,0.1469,-0.2488
Natural Preserve,1,17112,12709,0.7427,0.2844,0.6489,0.2944,0.3545,0.0704,0.9600,0.9024
Natural Preserve,2,11423,8024,0.7024,0.2194,0.5481,0.2283,0.3198,0.0875,1.1634,0.9837
Natural Preserve,3,10527,7748,0.7360,0.2123,0.6559,0.2606,0.3953,0.0895,1.2435,1.1049
Natural Preserve,4,9920,7527,0.7588,0.2136,0.5519,0.2770,0.2749,0.0896,1.2678,0.9984
Natural Preserve,5,9519,7200,0.7564,0.2196,0.7172,0.2811,0.4360,0.0921,1.2368,1.1419
Natural Preserve,6,8974,6462,0.7201,0.2281,0.5240,0.3350,0.1890,0.0954,1.1497,0.8451
Natural Preserve,7,8342,5207,0.6242,0.2441,0.6409,0.3433,0.2977,0.1081,0.9389,0.8335
Natural Preserve,8,7963,3571,0.4484,0.2703,0.5505,0.3893,0.1612,0.1270,0.5061,0.4500
Natural Preserve,9,7832,1828,0.2334,0.2986,0.2395,0.4068,-0.1673,0.1707,-0.2462,-0.3079
Natural Preserve,10,7833,591,0.0755,0.3230,0.7774,0.3722,0.4052,0.3366,-1.4542,-0.4246
Natural Preserve,11,6407,125,0.0195,0.3446,0.8877,0.3932,0.4945,0.6682,-2.8713,-1.1442
Natural Preserve,12,3437,7,0.0020,0.3589,-4.0684,0.4260,-4.4944,3.0404,-5.1717,-7.4458
Nitrite Reducing Bacteria,1,6264,2596,0.4144,0.2844,-0.0885,0.2944,-0.3829,0.1495,0.3766,-0.1680
Nitrite Reducing Bacteria,2,6357,2251,0.3541,0.2194,-0.4738,0.2283,-0.7021,0.1603,0.4785,-0.4291
Nitrite Reducing Bacteria,3,6746,1943,0.2880,0.2123,-0.1371,0.2606,-0.3977,0.1706,0.3053,-0.2234
Nitrite Reducing Bacteria,4,7425,1707,0.2299,0.2136,-0.4565,0.2770,-0.7335,0.1689,0.0738,-0.6914
Nitrite Reducing Bacteria,5,8360,1545,0.1848,0.2196,-0.2027,0.2811,-0.4838,0.1833,-0.1724,-0.5822
Nitrite Reducing Bacteria,6,9755,1492,0.1529,0.2281,-0.1932,0.3350,-0.5283,0.1854,-0.3996,-0.7563
Nitrite Reducing Bacteria,7,11188,1426,0.1275,0.2441,-0.4048,0.3433,-0.7481,0.1925,-0.6498,-1.1189
Nitrite Reducing Bacteria,8,12828,1583,0.1234,0.2703,0.3870,0.3893,-0.0024,0.1886,-0.7842,-0.4499
Nitrite Reducing Bacteria,9,14136,1725,0.1220,0.2986,0.5023,0.4068,0.0955,0.1917,-0.8947,-0.4152
Nitrite Reducing Bacteria,10,14038,1778,0.1267,0.3230,0.5218,0.3722,0.1496,0.1921,-0.9361,-0.3846
Nitrite Reducing Bacteria,11,10616,1436,0.1353,0.3446,0.6182,0.3932,0.2250,0.2175,-0.9350,-0.3086
Nitrite Reducing Bacteria,12,4921,784,0.1593,0.3589,0.7174,0.4260,0.2915,0.3042,-0.8121,-0.1720
Nitrogen-Rich Asteroid,1,16971,239,0.0141,0.2844,0.5075,0.2944,0.2131,0.4746,-3.0053,-1.5020
Nitrogen-Rich Asteroid,2,23452,477,0.0203,0.2194,2.2650,0.2283,2.0367,0.3779,-2.3786,0.6793
Nitrogen-Rich Asteroid,3,29938,920,0.0307,0.2123,2.4017,0.2606,2.1411,0.2461,-1.9325,1.0382
Nitrogen-Rich Asteroid,4,36192,1804,0.0498,0.2136,1.9873,0.2770,1.7103,0.1847,-1.4550,0.8799
Nitrogen-Rich Asteroid,5,41730,3652,0.0875,0.2196,1.7330,0.2811,1.4518,0.1260,-0.9199,0.9268
Nitrogen-Rich Asteroid,6,45798,6455,0.1409,0.2281,1.5168,0.3350,1.1818,0.0977,-0.4813,0.9071
Nitrogen-Rich Asteroid,7,47347,10625,0.2244,0.2441,1.2095,0.3433,0.8663,0.0778,-0.0841,0.8183
Nitrogen-Rich Asteroid,8,44526,15137,0.3400,0.2703,0.9595,0.3893,0.5702,0.0662,0.2292,0.7010
Nitrogen-Rich Asteroid,9,35883,16042,0.4471,0.2986,0.7295,0.4068,0.3227,0.0639,0.4037,0.5531
Nitrogen-Rich Asteroid,10,24322,12390,0.5094,0.3230,0.3720,0.3722,-0.0002,0.0735,0.4556,0.2598
Nitrogen-Rich Asteroid,11,13003,6897,0.5304,0.3446,0.3439,0.3932,-0.0493,0.1006,0.4314,0.1969
Nitrogen-Rich Asteroid,12,4820,2658,0.5515,0.3589,0.3164,0.4260,-0.1095,0.1637,0.4296,0.1356
Nitrophilic Moss,1,15013,1021,0.0680,0.2844,1.2026,0.2944,0.9082,0.2421,-1.4306,0.0918
Nitrophilic Moss,2,19807,1884,0.0951,0.2194,0.9982,0.2283,0.7699,0.1957,-0.8360,0.2928
Nitrophilic Moss,3,24125,3704,0.1535,0.2123,0.5893,0.2606,0.3287,0.1327,-0.3238,0.1438
Nitrophilic Moss,4,26720,5317,0.1990,0.2136,0.5847,0.2770,0.3077,0.1105,-0.0706,0.2674
Nitrophilic Moss,5,28133,7104,0.2525,0.2196,0.3002,0.2811,0.0191,0.0969,0.1398,0.0989
Nitrophilic Moss,6,28030,8511,0.3036,0.2281,0.2158,0.3350,-0.1193,0.0868,0.2861,0.0440
Nitrophilic Moss,7,26490,9783,0.3693,0.2441,0.0482,0.3433,-0.2951,0.0820,0.4141,-0.0588
Nitrophilic Moss,8,23473,10245,0.4365,0.2703,0.0474,0.3893,-0.3419,0.0783,0.4790,-0.0685
Nitrophilic Moss,9,18981,8763,0.4617,0.2986,-0.0927,0.4068,-0.4995,0.0843,0.4359,-0.2508
Nitrophilic Moss,10,13677,5707,0.4173,0.3230,-0.0110,0.3722,-0.3832,0.1063,0.2561,-0.2371
Nitrophilic Moss,11,8316,2793,0.3359,0.3446,0.1127,0.3932,-0.2805,0.1462,-0.0256,-0.2951
Nitrophilic Moss,12,3468,943,0.2719,0.3589,0.2807,0.4260,-0.1453,0.2727,-0.2775,-0.3036
Noctis City,1,15029,2309,0.1536,0.2844,-0.7317,0.2944,-1.0261,0.1525,-0.6157,-1.3774
Noctis City,2,18682,2379,0.1273,0.2194,-0.5550,0.2283,-0.7833,0.1587,-0.5442,-1.0939
Noctis City,3,22433,3063,0.1365,0.2123,-0.4242,0.2606,-0.6848,0.1368,-0.4411,-0.9366
Noctis City,4,25892,4005,0.1547,0.2136,-0.0999,0.2770,-0.3769,0.1191,-0.3225,-0.5610
Noctis City,5,28654,5010,0.1748,0.2196,-0.1394,0.2811,-0.4206,0.1121,-0.2278,-0.5506
Noctis City,6,30634,6102,0.1992,0.2281,-0.0491,0.3350,-0.3841,0.1030,-0.1354,-0.4614
Noctis City,7,31940,7377,0.2310,0.2441,0.0917,0.3433,-0.2516,0.0905,-0.0553,-0.2831
Noctis City,8,31823,8468,0.2661,0.2703,0.2975,0.3893,-0.0918,0.0866,-0.0158,-0.1008
Noctis City,9,29673,9770,0.3293,0.2986,0.4137,0.4068,0.0069,0.0816,0.0978,0.0627
Noctis City,10,24389,10170,0.4170,0.3230,0.2061,0.3722,-0.1661,0.0807,0.2554,-0.0203
Noctis City,11,15153,7754,0.5117,0.3446,0.2501,0.3932,-0.1431,0.0956,0.3955,0.0826
Noctis City,12,5917,3446,0.5824,0.3589,0.1821,0.4260,-0.2439,0.1495,0.4842,0.0324
Noctis Farming,1,13562,86,0.0063,0.2844,-0.1560,0.2944,-0.4504,0.9588,-3.8032,-2.6208
Noctis Farming,2,18658,251,0.0135,0.2194,0.4800,0.2283,0.2517,0.5081,-2.7919,-1.3417
Noctis Farming,3,24031,878,0.0365,0.2123,0.2669,0.2606,0.0063,0.2622,-1.7595,-0.9978
Noctis Farming,4,29147,2586,0.0887,0.2136,0.3715,0.2770,0.0945,0.1582,-0.8784,-0.4068
Noctis Farming,5,33032,5702,0.1726,0.2196,0.3593,0.2811,0.0782,0.1068,-0.2406,-0.0591
Noctis Farming,6,34280,9099,0.2654,0.2281,0.1651,0.3350,-0.1700,0.0830,0.1516,-0.0834
Noctis Farming,7,32492,11443,0.3522,0.2441,0.2105,0.3433,-0.1327,0.0744,0.3666,0.0765
Noctis Farming,8,28168,12579,0.4466,0.2703,0.2860,0.3893,-0.1033,0.0709,0.5019,0.1831
Noctis Farming,9,22156,11368,0.5131,0.2986,0.4181,0.4068,0.0112,0.0758,0.5415,0.3202
Noctis Farming,10,16327,9400,0.5757,0.3230,0.3459,0.3722,-0.0263,0.0845,0.5780,0.3035
Noctis Farming,11,9800,5947,0.6068,0.3446,0.5443,0.3932,0.1511,0.1087,0.5660,0.4741
Noctis Farming,12,3932,2511,0.6386,0.3589,0.2008,0.4260,-0.2251,0.1698,0.5763,0.1038
Nuclear Power,1,9417,2674,0.2840,0.2844,0.2108,0.2944,-0.0836,0.1575,-0.0014,-0.0844
Nuclear Power,2,10516,2654,0.2524,0.2194,-0.2952,0.2283,-0.5236,0.1581,0.1398,-0.4438
Nuclear Power,3,11505,2966,0.2578,0.2123,-0.4052,0.2606,-0.6658,0.1490,0.1944,-0.5548
Nuclear Power,4,12193,3001,0.2461,0.2136,-0.1381,0.2770,-0.4151,0.1432,0.1419,-0.3341
Nuclear Power,5,12860,3085,0.2399,0.2196,-0.4942,0.2811,-0.7753,0.1419,0.0885,-0.7249
Nuclear Power,6,13437,2795,0.2080,0.2281,-0.4050,0.3350,-0.7400,0.1490,-0.0921,-0.7926
Nuclear Power,7,14190,2270,0.1600,0.2441,-0.1084,0.3433,-0.4517,0.1638,-0.4226,-0.6928
Nuclear Power,8,15211,2070,0.1361,0.2703,-0.4997,0.3893,-0.8890,0.1749,-0.6864,-1.2807
Nuclear Power,9,15865,1637,0.1032,0.2986,-0.2384,0.4068,-0.6453,0.1922,-1.0625,-1.2516
Nuclear Power,10,15456,1327,0.0859,0.3230,-0.0531,0.3722,-0.4253,0.2236,-1.3249,-1.1814
Nuclear Power,11,11665,764,0.0655,0.3446,-0.4341,0.3932,-0.8273,0.3118,-1.6603,-1.7748
Nuclear Power,12,5515,341,0.0618,0.3589,-0.2615,0.4260,-0.6875,0.4354,-1.7586,-1.6910
Nuclear Zone,1,16530,8463,0.5120,0.2844,0.9905,0.2944,0.6961,0.0863,0.5880,1.0317
Nuclear Zone,2,14799,7318,0.4945,0.2194,0.9532,0.2283,0.7248,0.0921,0.8124,1.1885
Nuclear Zone,3,14452,7775,0.5380,0.2123,0.8968,0.2606,0.6362,0.0887,0.9301,1.1670
Nuclear Zone,4,13743,7936,0.5775,0.2136,0.7395,0.2770,0.4625,0.0892,0.9947,1.0302
Nuclear Zone,5,12942,7606,0.5877,0.2196,0.5605,0.2811,0.2794,0.0916,0.9845,0.8412
Nuclear Zone,6,12618,7094,0.5622,0.2281,0.6765,0.3350,0.3415,0.0952,0.9022,0.8563
Nuclear Zone,7,12975,7117,0.5485,0.2441,0.5626,0.3433,0.2193,0.0932,0.8097,0.6814
Nuclear Zone,8,13284,7265,0.5469,0.2703,0.6917,0.3893,0.3024,0.0914,0.7046,0.7045
Nuclear Zone,9,12895,6994,0.5424,0.2986,0.9195,0.4068,0.5126,0.0967,0.5970,0.8533
Nuclear Zone,10,11175,5472,0.4897,0.3230,0.7428,0.3722,0.3706,0.1072,0.4161,0.6081
Nuclear Zone,11,8002,3350,0.4186,0.3446,1.2220,0.3932,0.8287,0.1347,0.1948,0.9399
Nuclear Zone,12,3967,1465,0.3693,0.3589,1.3602,0.4260,0.9342,0.2148,0.0286,0.9505
Olympus Conference,1,17006,5915,0.3478,0.2844,0.6714,0.2944,0.3770,0.1011,0.2014,0.4919
Olympus Conference,2,17862,7053,0.3949,0.2194,0.6811,0.2283,0.4528,0.0947,0.5874,0.7880
Olympus Conference,3,17696,7855,0.4439,0.2123,0.8190,0.2606,0.5584,0.0897,0.7378,0.9794
Olympus Conference,4,16957,8350,0.4924,0.2136,0.7354,0.2770,0.4584,0.0864,0.8354,0.9352
Olympus Conference,5,16166,8557,0.5293,0.2196,0.6706,0.2811,0.3894,0.0860,0.8799,0.8916
Olympus Conference,6,15357,8585,0.5590,0.2281,0.4977,0.3350,0.1627,0.0863,0.8965,0.6743
Olympus Conference,7,14435,8182,0.5668,0.2441,0.4963,0.3433,0.1531,0.0863,0.8425,0.6339
Olympus Conference,8,13923,8403,0.6035,0.2703,0.4840,0.3893,0.0946,0.0850,0.8031,0.5530
Olympus Conference,9,12742,8052,0.6319,0.2986,0.4650,0.4068,0.0582,0.0884,0.7498,0.4860
Olympus Conference,10,10600,7165,0.6759,0.3230,0.4741,0.3722,0.1019,0.0971,0.7385,0.5233
Olympus Conference,11,6846,4982,0.7277,0.3446,0.4733,0.3932,0.0801,0.1187,0.7477,0.5067
Olympus Conference,12,2852,2245,0.7872,0.3589,0.3279,0.4260,-0.0981,0.1770,0.7855,0.3502
Open City,1,5841,31,0.0053,0.2844,0.9471,0.2944,0.6527,1.2594,-3.9812,-1.6193
Open City,2,8836,0,0.0000,0.2194,,0.2283,,,,
Open City,3,12322,0,0.0000,0.2123,,0.2606,,,,
Open City,4,16142,0,0.0000,0.2136,,0.2770,,,,
Open City,5,20411,2,0.0001,0.2196,-13.0803,0.2811,-13.3615,4.5498,-7.7146,-17.7641
Open City,6,25635,24,0.0009,0.2281,1.7777,0.3350,1.4427,1.7454,-5.4956,-1.6936
Open City,7,31384,331,0.0105,0.2441,0.6851,0.3433,0.3418,0.4811,-3.1417,-1.4511
Open City,8,37127,1883,0.0507,0.2703,1.1277,0.3893,0.7384,0.1931,-1.6734,-0.2166
Open City,9,40780,6517,0.1598,0.2986,0.8815,0.4068,0.4747,0.1062,-0.6250,0.1180
Open City,10,37347,13058,0.3496,0.3230,0.6953,0.3722,0.3231,0.0734,0.0793,0.3683
Open City,11,23285,12290,0.5278,0.3446,0.5583,0.3932,0.1651,0.0763,0.4265,0.4085
Open City,12,8211,5279,0.6429,0.3589,0.3928,0.4260,-0.0331,0.1178,0.5830,0.2996
Optimal Aerobraking,1,17839,3782,0.2120,0.2844,0.3449,0.2944,0.0505,0.1263,-0.2936,-0.1171
Optimal Aerobraking,2,20717,4875,0.2353,0.2194,0.3619,0.2283,0.1335,0.1119,0.0698,0.1734
Optimal Aerobraking,3,22790,6541,0.2870,0.2123,0.7499,0.2606,0.4893,0.0946,0.3018,0.6615
Optimal Aerobraking,4,23634,7734,0.3272,0.2136,0.6868,0.2770,0.4098,0.0870,0.4268,0.6534
Optimal Aerobraking,5,23205,8589,0.3701,0.2196,0.6319,0.2811,0.3507,0.0866,0.5222,0.6487
Optimal Aerobraking,6,22241,8865,0.3986,0.2281,0.9725,0.3350,0.6375,0.0832,0.5582,0.9561
Optimal Aerobraking,7,20898,9462,0.4528,0.2441,0.6950,0.3433,0.3518,0.0813,0.6178,0.7044
Optimal Aerobraking,8,19033,9671,0.5081,0.2703,0.6535,0.3893,0.2642,0.0803,0.6311,0.6243
Optimal Aerobraking,9,16046,8681,0.5410,0.2986,0.6139,0.4068,0.2071,0.0843,0.5944,0.5463
Optimal Aerobraking,10,12279,6591,0.5368,0.3230,0.7575,0.3722,0.3853,0.1009,0.5079,0.6752
Optimal Aerobraking,11,7859,4038,0.5138,0.3446,0.7238,0.3932,0.3306,0.1309,0.3996,0.5586
Optimal Aerobraking,12,3498,1837,0.5252,0.3589,0.8247,0.4260,0.3987,0.1993,0.3807,0.6160
Ore Processor,1,5280,36,0.0068,0.2844,-0.4001,0.2944,-0.6944,0.6612,-3.7307,-2.8235
Ore Processor,2,7320,1181,0.1613,0.2194,0.5425,0.2283,0.3142,0.2389,-0.3076,0.1386
Ore Processor,3,8342,897,0.1075,0.2123,0.7902,0.2606,0.5296,0.2701,-0.6800,0.1416
Ore Processor,4,9866,1117,0.1132,0.2136,0.8668,0.2770,0.5897,0.2555,-0.6346,0.2276
Ore Processor,5,11287,1364,0.1208,0.2196,0.7160,0.2811,0.4349,0.2257,-0.5972,0.0941
Ore Processor,6,12730,1554,0.1221,0.2281,0.7102,0.3350,0.3752,0.2014,-0.6251,0.0185
Ore Processor,7,14201,1757,0.1237,0.2441,0.5056,0.3433,0.1624,0.1955,-0.6795,-0.2254
Ore Processor,8,15465,1805,0.1167,0.2703,0.3980,0.3893,0.0087,0.1882,-0.8399,-0.4707
Ore Processor,9,16149,1537,0.0952,0.2986,0.1243,0.4068,-0.2826,0.1938,-1.1433,-0.9350
Ore Processor,10,15632,922,0.0590,0.3230,0.2168,0.3722,-0.1554,0.2520,-1.7004,-1.1258
Ore Processor,11,11921,394,0.0331,0.3446,0.6988,0.3932,0.3056,0.3939,-2.3442,-1.0322
Ore Processor,12,5688,94,0.0165,0.3589,0.5161,0.4260,0.0902,0.9149,-3.0780,-1.6664
Permafrost extraction,1,4648,30,0.0065,0.2844,-3.5362,0.2944,-3.8306,1.1881,-3.7855,-5.9910
Permafrost extraction,2,6808,0,0.0000,0.2194,,0.2283,,,,
Permafrost extraction,3,9428,1,0.0001,0.2123,-12.1343,0.2606,-12.3949,,-7.6014,-16.7329
Permafrost extraction,4,12449,21,0.0017,0.2136,-2.2987,0.2770,-2.5757,1.9733,-4.8410,-5.3384
Permafrost extraction,5,16016,276,0.0172,0.2196,1.7378,0.2811,1.4567,0.4799,-2.5449,0.0043
Permafrost extraction,6,19948,1196,0.0600,0.2281,0.8538,0.3350,0.5188,0.2376,-1.3361,-0.2437
Permafrost extraction,7,23715,3515,0.1482,0.2441,0.9821,0.3433,0.6388,0.1350,-0.4989,0.3541
Permafrost extraction,8,25679,6983,0.2719,0.2703,0.6891,0.3893,0.2998,0.0984,0.0059,0.3032
Permafrost extraction,9,23821,8660,0.3635,0.2986,0.5771,0.4068,0.1703,0.0860,0.1969,0.2827
Permafrost extraction,10,18575,6811,0.3667,0.3230,0.7011,0.3722,0.3288,0.0979,0.1269,0.4012
Permafrost extraction,11,11526,3310,0.2872,0.3446,0.6380,0.3932,0.2448,0.1411,-0.1822,0.1408
Permafrost extraction,12,4942,1028,0.2080,0.3589,0.8384,0.4260,0.4125,0.2595,-0.5454,0.1012
Peroxide Power,1,12079,4159,0.3443,0.2844,0.0362,0.2944,-0.2582,0.1220,0.1913,-0.1490
Peroxide Power,2,12568,3885,0.3091,0.2194,-0.2725,0.2283,-0.5008,0.1253,0.3426,-0.3053
Peroxide Power,3,13226,4204,0.3179,0.2123,-0.0290,0.2606,-0.2896,0.1239,0.4038,-0.0591
Peroxide Power,4,13537,4330,0.3199,0.2136,-0.3522,0.2770,-0.6293,0.1201,0.4040,-0.3987
Peroxide Power,5,13659,4210,0.3082,0.2196,-0.1503,0.2811,-0.4315,0.1230,0.3391,-0.2379
Peroxide Power,6,13691,3802,0.2777,0.2281,-0.4007,0.3350,-0.7357,0.1271,0.1968,-0.6234
Peroxide Power,7,14122,3330,0.2358,0.2441,-0.3141,0.3433,-0.6573,0.1378,-0.0346,-0.6770
Peroxide Power,8,14676,2791,0.1902,0.2703,-0.1291,0.3893,-0.5185,0.1487,-0.3517,-0.7192
Peroxide Power,9,15076,2357,0.1563,0.2986,0.0494,0.4068,-0.3575,0.1690,-0.6470,-0.7267
Peroxide Power,10,14230,1747,0.1228,0.3230,-0.0459,0.3722,-0.4181,0.1973,-0.9673,-0.9701
Peroxide Power,11,10630,1069,0.1006,0.3446,0.2246,0.3932,-0.1686,0.2537,-1.2315,-0.8714
Peroxide Power,12,4988,440,0.0882,0.3589,-0.3008,0.4260,-0.7268,0.3957,-1.4032,-1.5276
Pets,1,11787,4871,0.4133,0.2844,-0.8682,0.2944,-1.1626,0.1014,0.3738,-0.9493
Pets,2,12071,4706,0.3899,0.2194,-0.6852,0.2283,-0.9135,0.1106,0.5747,-0.5856
Pets,3,12610,4910,0.3894,0.2123,-0.6221,0.2606,-0.8827,0.1074,0.6068,-0.5364
Pets,4,12949,5070,0.3915,0.2136,-0.2589,0.2770,-0.5359,0.1083,0.6062,-0.1900
Pets,5,13499,5301,0.3927,0.2196,0.1038,0.2811,-0.1774,0.1076,0.5813,0.1544
Pets,6,13843,5277,0.3812,0.2281,0.2102,0.3350,-0.1248,0.1063,0.5136,0.1683
Pets,7,14604,5972,0.4089,0.2441,0.2162,0.3433,-0.1271,0.1004,0.5160,0.1674
Pets,8,14510,6612,0.4557,0.2703,0.3258,0.3893,-0.0635,0.0954,0.5221,0.2344
Pets,9,13407,6612,0.4932,0.2986,0.4805,0.4068,0.0737,0.0969,0.5019,0.3601
Pets,10,11004,5423,0.4928,0.3230,0.3708,0.3722,-0.0014,0.1102,0.4225,0.2397
Pets,11,7098,3341,0.4707,0.3446,0.6789,0.3932,0.2857,0.1454,0.3120,0.4637
Pets,12,2901,1369,0.4719,0.3589,0.6262,0.4260,0.2003,0.2324,0.2738,0.3565
Phobos Space Haven,1,11802,3751,0.3178,0.2844,-1.2011,0.2944,-1.4955,0.1203,0.1112,-1.4320
Phobos Space Haven,2,12840,2895,0.2255,0.2194,-1.2059,0.2283,-1.4342,0.1359,0.0271,-1.4188
Phobos Space Haven,3,15045,3591,0.2387,0.2123,-0.7916,0.2606,-1.0522,0.1259,0.1174,-0.9852
Phobos Space Haven,4,16689,4152,0.2488,0.2136,-0.7275,0.2770,-1.0046,0.1152,0.1527,-0.9174
Phobos Space Haven,5,18192,4454,0.2448,0.2196,-0.7312,0.2811,-1.0123,0.1129,0.1089,-0.9502
Phobos Space Haven,6,19384,4746,0.2448,0.2281,-0.3867,0.3350,-0.7217,0.1128,0.0709,-0.6813
Phobos Space Haven,7,20589,5278,0.2564,0.2441,-0.1603,0.3433,-0.5036,0.1047,0.0490,-0.4756
Phobos Space Haven,8,21380,5660,0.2647,0.2703,-0.0682,0.3893,-0.4576,0.1059,-0.0209,-0.4695
Phobos Space Haven,9,21127,6029,0.2854,0.2986,0.0406,0.4068,-0.3662,0.1006,-0.0452,-0.3920
Phobos Space Haven,10,18745,6060,0.3233,0.3230,0.1072,0.3722,-0.2650,0.1054,0.0009,-0.2645
Phobos Space Haven,11,12569,4699,0.3739,0.3446,0.2331,0.3932,-0.1601,0.1237,0.0816,-0.1135
Phobos Space Haven,12,5206,2189,0.4205,0.3589,-0.0729,0.4260,-0.4988,0.1911,0.1584,-0.4084
Physics Complex,1,5582,70,0.0125,0.2844,-0.2103,0.2944,-0.5047,0.5898,-3.1213,-2.2860
Physics Complex,2,8220,266,0.0324,0.2194,-0.3093,0.2283,-0.5376,0.4394,-1.9142,-1.6301
Physics Complex,3,11119,544,0.0489,0.2123,-0.5356,0.2606,-0.7962,0.3116,-1.4675,-1.6337
Physics Complex,4,14026,967,0.0689,0.2136,0.1485,0.2770,-0.1285,0.2271,-1.1306,-0.7737
Physics Complex,5,16950,1679,0.0991,0.2196,0.6066,0.2811,0.3255,0.1938,-0.7960,-0.1288
Physics Complex,6,19617,2331,0.1188,0.2281,0.5279,0.3350,0.1929,0.1665,-0.6521,-0.1792
Physics Complex,7,21827,3160,0.1448,0.2441,0.5415,0.3433,0.1982,0.1395,-0.5224,-0.0999
Physics Complex,8,23250,3928,0.1689,0.2703,0.5617,0.3893,0.1723,0.1252,-0.4701,-0.0959
Physics Complex,9,23168,4483,0.1935,0.2986,0.2760,0.4068,-0.1308,0.1201,-0.4337,-0.3784
Physics Complex,10,20610,4501,0.2184,0.3230,0.2544,0.3722,-0.1178,0.1245,-0.3913,-0.3411
Physics Complex,11,13873,3172,0.2286,0.3446,0.1785,0.3932,-0.2147,0.1476,-0.4101,-0.4488
Physics Complex,12,5911,1426,0.2412,0.3589,0.5171,0.4260,0.0911,0.2402,-0.3972,-0.1355
Plantation,1,15190,319,0.0210,0.2844,-0.6491,0.2944,-0.9435,0.4121,-2.6057,-2.4305
Plantation,2,20741,936,0.0451,0.2194,0.0768,0.2283,-0.1515,0.2718,-1.5816,-1.0541
Plantation,3,25830,2355,0.0912,0.2123,-0.2830,0.2606,-0.5436,0.1649,-0.8450,-1.0259
Plantation,4,29865,4047,0.1355,0.2136,0.0593,0.2770,-0.2177,0.1271,-0.4548,-0.4773
Plantation,5,32547,5714,0.1756,0.2196,0.0973,0.2811,-0.1838,0.1050,-0.2237,-0.3115
Plantation,6,33944,7652,0.2254,0.2281,0.3330,0.3350,-0.0021,0.0921,-0.0117,-0.0087
Plantation,7,33619,9057,0.2694,0.2441,0.3707,0.3433,0.0275,0.0833,0.0986,0.0838
Plantation,8,31819,10678,0.3356,0.2703,0.3642,0.3893,-0.0252,0.0787,0.2162,0.0982
Plantation,9,27703,11162,0.4029,0.2986,0.6058,0.4068,0.1990,0.0768,0.2997,0.3700
Plantation,10,21384,9753,0.4561,0.3230,0.3504,0.3722,-0.0218,0.0819,0.3451,0.1751
Plantation,11,12981,6423,0.4948,0.3446,0.2738,0.3932,-0.1194,0.1029,0.3619,0.0871
Plantation,12,5294,2627,0.4962,0.3589,0.3537,0.4260,-0.0723,0.1679,0.3240,0.1126
Power Grid,1,3724,69,0.0185,0.2844,0.6659,0.2944,0.3715,1.0284,-2.7310,-1.1870
Power Grid,2,5155,118,0.0229,0.2194,1.6259,0.2283,1.3975,0.9231,-2.2604,0.1076
Power Grid,3,6662,226,0.0339,0.2123,-0.2143,0.2606,-0.4749,0.4782,-1.8337,-1.5213
Power Grid,4,8492,378,0.0445,0.2136,-0.1186,0.2770,-0.3956,0.4003,-1.5681,-1.2905
Power Grid,5,10505,511,0.0486,0.2196,0.3931,0.2811,0.1119,0.3598,-1.5072,-0.7482
Power Grid,6,12679,767,0.0605,0.2281,0.1474,0.3350,-0.1876,0.3031,-1.3272,-0.9450
Power Grid,7,14920,1064,0.0713,0.2441,-0.5302,0.3433,-0.8735,0.2254,-1.2305,-1.5757
Power Grid,8,16989,1301,0.0766,0.2703,-0.4509,0.3893,-0.8402,0.2088,-1.2613,-1.5600
Power Grid,9,18349,1527,0.0832,0.2986,-0.4401,0.4068,-0.8469,0.1894,-1.2775,-1.5760
Power Grid,10,17691,1319,0.0746,0.3230,-0.4172,0.3722,-0.7894,0.2041,-1.4660,-1.6260
Power Grid,11,13176,821,0.0623,0.3446,0.0046,0.3932,-0.3886,0.2881,-1.7101,-1.3646
Power Grid,12,6071,335,0.0552,0.3589,0.2359,0.4260,-0.1900,0.4288,-1.8724,-1.2586
Power Infrastructure,1,4040,223,0.0552,0.2844,0.1418,0.2944,-0.1526,0.5054,-1.6393,-1.0881
Power Infrastructure,2,5556,642,0.1156,0.2194,-0.0445,0.2283,-0.2728,0.2874,-0.6414,-0.6389
Power Infrastructure,3,6848,738,0.1078,0.2123,-0.0067,0.2606,-0.2673,0.2409,-0.6778,-0.6541
Power Infrastructure,4,8363,1010,0.1208,0.2136,0.0199,0.2770,-0.2571,0.2415,-0.5700,-0.5824
Power Infrastructure,5,9933,1393,0.1402,0.2196,-0.0221,0.2811,-0.3033,0.1914,-0.4484,-0.5591
Power Infrastructure,6,11306,1712,0.1514,0.2281,0.5713,0.3350,0.2362,0.1850,-0.4096,0.0025
Power Infrastructure,7,12673,1869,0.1475,0.2441,0.7232,0.3433,0.3799,0.1739,-0.5039,0.0923
Power Infrastructure,8,13993,2063,0.1474,0.2703,0.5130,0.3893,0.1237,0.1676,-0.6063,-0.2223
Power Infrastructure,9,14842,2309,0.1556,0.2986,0.7861,0.4068,0.3793,0.1635,-0.6519,0.0072
Power Infrastructure,10,14125,2373,0.1680,0.3230,0.4830,0.3722,0.1108,0.1618,-0.6537,-0.2622
Power Infrastructure,11,10403,1700,0.1634,0.3446,0.9128,0.3932,0.5196,0.2024,-0.7460,0.0938
Power Infrastructure,12,4911,752,0.1531,0.3589,0.5527,0.4260,0.1267,0.3181,-0.8517,-0.3593
Power Plant,1,15502,7611,0.4910,0.2844,-0.0564,0.2944,-0.3507,0.0883,0.5461,-0.0391
Power Plant,2,13857,6164,0.4448,0.2194,-0.1180,0.2283,-0.3464,0.0989,0.7066,0.0569
Power Plant,3,13401,6273,0.4681,0.2123,-0.1045,0.2606,-0.3651,0.1003,0.7909,0.0863
Power Plant,4,12772,6029,0.4720,0.2136,-0.0248,0.2770,-0.3018,0.0992,0.7932,0.1509
Power Plant,5,12345,6011,0.4869,0.2196,-0.0529,0.2811,-0.3340,0.0997,0.7964,0.1205
Power Plant,6,11637,5421,0.4658,0.2281,0.0114,0.3350,-0.3236,0.1065,0.7141,0.0840
Power Plant,7,11289,4844,0.4291,0.2441,-0.0130,0.3433,-0.3562,0.1120,0.5641,-0.0343
Power Plant,8,11079,3991,0.3602,0.2703,0.0474,0.3893,-0.3419,0.1246,0.2871,-0.1781
Power Plant,9,11064,3410,0.3082,0.2986,0.2318,0.4068,-0.1750,0.1339,0.0318,-0.1569
Power Plant,10,10196,2529,0.2480,0.3230,0.1225,0.3722,-0.2497,0.1577,-0.2640,-0.4004
Power Plant,11,7407,1448,0.1955,0.3446,0.2530,0.3932,-0.1402,0.2200,-0.5667,-0.4637
Power Plant,12,3376,582,0.1724,0.3589,0.2097,0.4260,-0.2162,0.3477,-0.7332,-0.6347
Power Supply Consortium,1,8507,477,0.0561,0.2844,0.6059,0.2944,0.3115,0.3471,-1.6236,-0.6151
Power Supply Consortium,2,11581,927,0.0800,0.2194,0.8640,0.2283,0.6356,0.2538,-1.0085,0.0601
Power Supply Consortium,3,14586,1819,0.1247,0.2123,0.3049,0.2606,0.0443,0.1839,-0.5318,-0.2592
Power Supply Consortium,4,17146,2670,0.1557,0.2136,0.2678,0.2770,-0.0092,0.1517,-0.3158,-0.1895
Power Supply Consortium,5,19137,3929,0.2053,0.2196,0.2570,0.2811,-0.0241,0.1277,-0.0672,-0.0625
Power Supply Consortium,6,20096,4924,0.2450,0.2281,0.0442,0.3350,-0.2908,0.1110,0.0716,-0.2499
Power Supply Consortium,7,20193,5684,0.2815,0.2441,-0.0370,0.3433,-0.3803,0.1051,0.1425,-0.2990
Power Supply Consortium,8,19376,5801,0.2994,0.2703,-0.0122,0.3893,-0.4015,0.1046,0.1021,-0.3433
Power Supply Consortium,9,17563,4901,0.2791,0.2986,-0.0833,0.4068,-0.4902,0.1124,-0.0676,-0.5287
Power Supply Consortium,10,14652,3464,0.2364,0.3230,0.3299,0.3722,-0.0423,0.1319,-0.3120,-0.2204
Power Supply Consortium,11,9662,1729,0.1789,0.3446,0.1538,0.3932,-0.2394,0.2023,-0.6552,-0.6133
Power Supply Consortium,12,4040,601,0.1488,0.3589,1.0818,0.4260,0.6559,0.3495,-0.8806,0.1533
Predators,1,6991,15,0.0021,0.2844,-3.1821,0.2944,-3.4765,0.4615,-4.8868,-6.2654
Predators,2,10368,0,0.0000,0.2194,,0.2283,,,,
Predators,3,14050,0,0.0000,0.2123,,0.2606,,,,
Predators,4,18043,0,0.0000,0.2136,,0.2770,,,,
Predators,5,22265,5,0.0002,0.2196,-1.5578,0.2811,-1.8389,3.5512,-6.8853,-5.7683
Predators,6,26846,35,0.0013,0.2281,0.6436,0.3350,0.3086,1.5994,-5.1645,-2.6387
Predators,7,31769,308,0.0097,0.2441,0.6724,0.3433,0.3292,0.4850,-3.2260,-1.5118
Predators,8,36184,1491,0.0412,0.2703,0.5445,0.3893,0.1552,0.2222,-1.8811,-0.9183
Predators,9,38618,4976,0.1289,0.2986,0.2014,0.4068,-0.2054,0.1213,-0.8403,-0.6850
Predators,10,34660,8773,0.2531,0.3230,0.1444,0.3722,-0.2278,0.0927,-0.2438,-0.3670
Predators,11,22054,7251,0.3288,0.3446,-0.0178,0.3932,-0.4110,0.1019,-0.0469,-0.4378
Predators,12,8338,2903,0.3482,0.3589,0.2083,0.4260,-0.2176,0.1641,-0.0303,-0.2349
Protected Habitats,1,16685,5085,0.3048,0.2844,-0.8652,0.2944,-1.1596,0.1035,0.0693,-1.1200
Protected Habitats,2,18413,6111,0.3319,0.2194,-0.6021,0.2283,-0.8304,0.0993,0.4137,-0.5943
Protected Habitats,3,19180,7204,0.3756,0.2123,-0.5547,0.2606,-0.8153,0.0932,0.5708,-0.4896
Protected Habitats,4,19012,7930,0.4171,0.2136,-0.3486,0.2770,-0.6256,0.0892,0.6694,-0.2436
Protected Habitats,5,18525,8859,0.4782,0.2196,-0.2222,0.2811,-0.5034,0.0850,0.7784,-0.0592
Protected Habitats,6,17431,9472,0.5434,0.2281,0.0128,0.3350,-0.3222,0.0807,0.8681,0.1732
Protected Habitats,7,15812,9844,0.6226,0.2441,0.1180,0.3433,-0.2252,0.0789,0.9363,0.3091
Protected Habitats,8,13662,9421,0.6896,0.2703,0.2274,0.3893,-0.1620,0.0830,0.9364,0.3724
Protected Habitats,9,11045,7792,0.7055,0.2986,0.3451,0.4068,-0.0618,0.0884,0.8599,0.4290
Protected Habitats,10,8277,5258,0.6353,0.3230,0.1485,0.3722,-0.2237,0.1069,0.6764,0.1623
Protected Habitats,11,5181,2736,0.5281,0.3446,0.3054,0.3932,-0.0878,0.1563,0.4270,0.1558
Protected Habitats,12,2211,1060,0.4794,0.3589,0.3586,0.4260,-0.0673,0.2556,0.2896,0.0979
Protected Valley,1,15991,5448,0.3407,0.2844,0.5952,0.2944,0.3009,0.1119,0.1807,0.4040
Protected Valley,2,16287,4144,0.2544,0.2194,0.1642,0.2283,-0.0641,0.1247,0.1479,0.0203
Protected Valley,3,17912,4370,0.2440,0.2123,0.5381,0.2606,0.2775,0.1228,0.1393,0.3570
Protected Valley,4,19394,4709,0.2428,0.2136,0.5402,0.2770,0.2632,0.1217,0.1284,0.3365
Protected Valley,5,20693,5132,0.2480,0.2196,0.5925,0.2811,0.3114,0.1119,0.1217,0.3809
Protected Valley,6,21991,5654,0.2571,0.2281,0.6265,0.3350,0.2915,0.1057,0.1198,0.3599
Protected Valley,7,22765,6201,0.2724,0.2441,0.7209,0.3433,0.3776,0.1016,0.1097,0.4402
Protected Valley,8,23061,6879,0.2983,0.2703,0.5931,0.3893,0.2038,0.0968,0.0984,0.2599
Protected Valley,9,22019,7339,0.3333,0.2986,0.5497,0.4068,0.1429,0.0962,0.1101,0.2057
Protected Valley,10,18779,6529,0.3477,0.3230,0.6245,0.3722,0.2523,0.1008,0.0736,0.2943
Protected Valley,11,12592,4613,0.3663,0.3446,0.4896,0.3932,0.0964,0.1241,0.0613,0.1314
Protected Valley,12,5564,2112,0.3796,0.3589,0.3953,0.4260,-0.0306,0.1916,0.0561,0.0014
Psychrophiles,1,16511,15138,0.9168,0.2844,0.6632,0.2944,0.3688,0.0642,1.1707,1.0369
Psychrophiles,2,8262,7533,0.9118,0.2194,0.6396,0.2283,0.4112,0.0905,1.4243,1.2240
Psychrophiles,3,7590,6877,0.9061,0.2123,0.6161,0.2606,0.3555,0.0913,1.4513,1.1837
Psychrophiles,4,7476,6602,0.8831,0.2136,0.7450,0.2770,0.4680,0.0962,1.4195,1.2781
Psychrophiles,5,7297,6031,0.8265,0.2196,0.5032,0.2811,0.2221,0.1002,1.3255,0.9785
Psychrophiles,6,6931,4809,0.6938,0.2281,0.4813,0.3350,0.1462,0.1111,1.1125,0.7812
Psychrophiles,7,6604,3212,0.4864,0.2441,0.4981,0.3433,0.1548,0.1381,0.6894,0.5483
Psychrophiles,8,6887,1712,0.2486,0.2703,0.2479,0.3893,-0.1414,0.1785,-0.0839,-0.1893
Psychrophiles,9,7797,693,0.0889,0.2986,0.3794,0.4068,-0.0274,0.2936,-1.2117,-0.7189
Psychrophiles,10,8495,202,0.0238,0.3230,0.6717,0.3722,0.2995,0.5180,-2.6088,-1.1893
Psychrophiles,11,7167,56,0.0078,0.3446,1.4977,0.3932,1.1045,0.8803,-3.7864,-1.0564
Psychrophiles,12,3673,5,0.0014,0.3589,-1.4001,0.4260,-1.8260,3.3197,-5.5746,-5.0074
Quantum Extractor,1,15441,137,0.0089,0.2844,2.3736,0.2944,2.0792,0.6816,-3.4673,0.1005
Quantum Extractor,2,21770,760,0.0349,0.2194,1.8448,0.2283,1.6165,0.3017,-1.8383,0.5674
Quantum Extractor,3,27489,2394,0.0871,0.2123,2.0496,0.2606,1.7890,0.1609,-0.8908,1.2806
Quantum Extractor,4,31913,4900,0.1535,0.2136,1.7053,0.2770,1.4283,0.1144,-0.3299,1.2400
Quantum Extractor,5,33952,7814,0.2301,0.2196,1.3611,0.2811,1.0800,0.0887,0.0470,1.1068
Quantum Extractor,6,33452,9945,0.2973,0.2281,1.1712,0.3350,0.8362,0.0791,0.2650,0.9874
Quantum Extractor,7,30721,11485,0.3738,0.2441,0.5504,0.3433,0.2071,0.0751,0.4263,0.4504
Quantum Extractor,8,26301,11537,0.4387,0.2703,0.1930,0.3893,-0.1963,0.0727,0.4840,0.0799
Quantum Extractor,9,20792,9662,0.4647,0.2986,-0.0568,0.4068,-0.4636,0.0799,0.4424,-0.2111
Quantum Extractor,10,15013,6734,0.4485,0.3230,-0.1167,0.3722,-0.4889,0.0958,0.3284,-0.3015
Quantum Extractor,11,8497,3520,0.4143,0.3446,0.0326,0.3932,-0.3606,0.1338,0.1842,-0.2555
Quantum Extractor,12,3304,1298,0.3929,0.3589,0.2828,0.4260,-0.1431,0.2351,0.0905,-0.0915
Rad-Chem Factory,1,8238,2160,0.2622,0.2844,-0.8524,0.2944,-1.1468,0.1568,-0.0812,-1.1931
Rad-Chem Factory,2,10012,2120,0.2117,0.2194,-0.5851,0.2283,-0.8135,0.1667,-0.0357,-0.8339
Rad-Chem Factory,3,11920,2629,0.2206,0.2123,-0.4218,0.2606,-0.6824,0.1568,0.0384,-0.6605
Rad-Chem Factory,4,13724,2983,0.2174,0.2136,-0.2460,0.2770,-0.5230,0.1450,0.0176,-0.5129
Rad-Chem Factory,5,15529,3571,0.2300,0.2196,-0.0840,0.2811,-0.3651,0.1323,0.0462,-0.3388
Rad-Chem Factory,6,17190,4412,0.2567,0.2281,0.3026,0.3350,-0.0325,0.1197,0.1180,0.0349
Rad-Chem Factory,7,18464,4995,0.2705,0.2441,0.1869,0.3433,-0.1564,0.1152,0.1028,-0.0977
Rad-Chem Factory,8,19431,5492,0.2826,0.2703,0.4695,0.3893,0.0801,0.1081,0.0445,0.1055
Rad-Chem Factory,9,19650,6391,0.3252,0.2986,0.3317,0.4068,-0.0751,0.0992,0.0856,-0.0263
Rad-Chem Factory,10,17678,6922,0.3916,0.3230,0.3706,0.3722,-0.0016,0.0992,0.1925,0.1082
Rad-Chem Factory,11,12034,5677,0.4717,0.3446,0.4336,0.3932,0.0404,0.1121,0.3142,0.2197
Rad-Chem Factory,12,5067,2631,0.5192,0.3589,0.0433,0.4260,-0.3826,0.1734,0.3694,-0.1718
Rad-Suits,1,4550,388,0.0853,0.2844,-0.8630,0.2944,-1.1574,0.3266,-1.2044,-1.8447
Rad-Suits,2,6326,699,0.1105,0.2194,-0.7151,0.2283,-0.9435,0.2681,-0.6861,-1.3351
Rad-Suits,3,8030,1142,0.1422,0.2123,0.0514,0.2606,-0.2092,0.2305,-0.4004,-0.4377
Rad-Suits,4,9635,1649,0.1711,0.2136,-0.3973,0.2770,-0.6743,0.1765,-0.2214,-0.8007
Rad-Suits,5,11008,2101,0.1909,0.2196,-0.2985,0.2811,-0.5797,0.1572,-0.1402,-0.6597
Rad-Suits,6,12513,2887,0.2307,0.2281,-0.0763,0.3350,-0.4114,0.1354,0.0115,-0.4048
Rad-Suits,7,13712,3756,0.2739,0.2441,0.2013,0.3433,-0.1419,0.1230,0.1153,-0.0761
Rad-Suits,8,14215,4513,0.3175,0.2703,0.2473,0.3893,-0.1420,0.1138,0.1608,-0.0503
Rad-Suits,9,14198,5206,0.3667,0.2986,0.2962,0.4068,-0.1107,0.1088,0.2055,0.0066
Rad-Suits,10,12477,4949,0.3966,0.3230,0.2886,0.3722,-0.0836,0.1140,0.2054,0.0336
Rad-Suits,11,8514,3702,0.4348,0.3446,0.4341,0.3932,0.0409,0.1407,0.2327,0.1737
Rad-Suits,12,3596,1655,0.4602,0.3589,0.4081,0.4260,-0.0178,0.2214,0.2487,0.1241
Regolith Eaters,1,6155,2005,0.3258,0.2844,0.0873,0.2944,-0.2070,0.1718,0.1359,-0.1295
Regolith Eaters,2,7036,1920,0.2729,0.2194,-0.0731,0.2283,-0.3015,0.1760,0.2179,-0.1771
Regolith Eaters,3,7889,1959,0.2483,0.2123,-0.1180,0.2606,-0.3785,0.1779,0.1570,-0.2890
Regolith Eaters,4,8772,1825,0.2080,0.2136,-0.0816,0.2770,-0.3586,0.1831,-0.0261,-0.3735
Regolith Eaters,5,9835,1803,0.1833,0.2196,-0.4023,0.2811,-0.6835,0.1807,-0.1805,-0.7864
Regolith Eaters,6,11086,1590,0.1434,0.2281,-0.2312,0.3350,-0.5662,0.1915,-0.4639,-0.8309
Regolith Eaters,7,12583,1484,0.1179,0.2441,-0.3867,0.3433,-0.7300,0.1954,-0.7274,-1.1451
Regolith Eaters,8,14020,1354,0.0966,0.2703,-0.4546,0.3893,-0.8439,0.2078,-1.0293,-1.4313
Regolith Eaters,9,15109,1109,0.0734,0.2986,-0.3420,0.4068,-0.7488,0.2234,-1.4031,-1.5496
Regolith Eaters,10,15082,795,0.0527,0.3230,-0.3102,0.3722,-0.6824,0.2800,-1.8128,-1.7169
Regolith Eaters,11,11785,569,0.0483,0.3446,-0.2557,0.3932,-0.6489,0.3198,-1.9652,-1.7704
Regolith Eaters,12,5728,264,0.0461,0.3589,-0.0227,0.4260,-0.4486,0.5437,-2.0524,-1.6199
Release of Inert Gases,1,6657,2028,0.3046,0.2844,-0.7922,0.2944,-1.0865,0.1517,0.0689,-1.0472
Release of Inert Gases,2,7741,2227,0.2877,0.2194,-0.6711,0.2283,-0.8995,0.1556,0.2708,-0.7450
Release of Inert Gases,3,8674,2143,0.2471,0.2123,-0.7735,0.2606,-1.0341,0.1583,0.1519,-0.9474
Release of Inert Gases,4,9767,2109,0.2159,0.2136,-0.4089,0.2770,-0.6859,0.1677,0.0111,-0.6796
Release of Inert Gases,5,10982,2015,0.1835,0.2196,-0.3520,0.2811,-0.6331,0.1603,-0.1796,-0.7356
Release of Inert Gases,6,12601,2104,0.1670,0.2281,-0.3036,0.3350,-0.6386,0.1629,-0.3119,-0.8166
Release of Inert Gases,7,14453,2306,0.1596,0.2441,-0.1958,0.3433,-0.5391,0.1522,-0.4252,-0.7817
Release of Inert Gases,8,16117,2638,0.1637,0.2703,-0.0733,0.3893,-0.4626,0.1457,-0.5018,-0.7489
Release of Inert Gases,9,17293,3036,0.1756,0.2986,0.3174,0.4068,-0.0895,0.1448,-0.5310,-0.3925
Release of Inert Gases,10,16846,3742,0.2221,0.3230,0.3609,0.3722,-0.0113,0.1346,-0.3744,-0.2250
Release of Inert Gases,11,12213,3254,0.2664,0.3446,0.1937,0.3932,-0.1995,0.1472,-0.2571,-0.3462
Release of Inert Gases,12,5391,1665,0.3088,0.3589,0.5430,0.4260,0.1170,0.2109,-0.1501,0.0313
Research,1,17244,4092,0.2373,0.2844,0.1540,0.2944,-0.1403,0.1207,-0.1809,-0.2436
Research,2,19972,5348,0.2678,0.2194,0.1008,0.2283,-0.1276,0.1067,0.1990,-0.0140
Research,3,21628,6240,0.2885,0.2123,0.4135,0.2606,0.1529,0.1002,0.3070,0.3281
Research,4,22533,6864,0.3046,0.2136,0.6353,0.2770,0.3583,0.0970,0.3552,0.5610
Research,5,23034,7095,0.3080,0.2196,0.5631,0.2811,0.2819,0.0923,0.3385,0.4751
Research,6,23663,7509,0.3173,0.2281,0.5262,0.3350,0.1912,0.0925,0.3302,0.3797
Research,7,23957,8105,0.3383,0.2441,0.4214,0.3433,0.0781,0.0882,0.3264,0.2644
Research,8,23401,8880,0.3795,0.2703,0.4636,0.3893,0.0742,0.0846,0.3391,0.2678
Research,9,21385,9699,0.4535,0.2986,0.5954,0.4068,0.1886,0.0822,0.4181,0.4272
Research,10,16983,9056,0.5332,0.3230,0.5040,0.3722,0.1317,0.0849,0.5013,0.4179
Research,11,10459,6626,0.6335,0.3446,0.4408,0.3932,0.0476,0.1036,0.6090,0.3952
Research,12,3991,2855,0.7154,0.3589,0.6296,0.4260,0.2036,0.1626,0.6898,0.5973
Research Coordination,1,15289,2336,0.1528,0.2844,-0.0048,0.2944,-0.2992,0.1536,-0.6212,-0.6537
Research Coordination,2,19086,3688,0.1932,0.2194,0.2818,0.2283,0.0534,0.1281,-0.1272,-0.0192
Research Coordination,3,21718,5682,0.2616,0.2123,0.3003,0.2606,0.0397,0.1038,0.2092,0.1591
Research Coordination,4,22470,7500,0.3338,0.2136,0.1568,0.2770,-0.1202,0.0905,0.4466,0.1347
Research Coordination,5,21440,8040,0.3750,0.2196,0.2347,0.2811,-0.0464,0.0881,0.5352,0.2590
Research Coordination,6,19977,7795,0.3902,0.2281,0.2417,0.3350,-0.0933,0.0893,0.5369,0.2131
Research Coordination,7,18536,6771,0.3653,0.2441,0.1849,0.3433,-0.1584,0.0960,0.4031,0.0717
Research Coordination,8,17613,6246,0.3546,0.2703,0.1605,0.3893,-0.2289,0.0999,0.2714,-0.0740
Research Coordination,9,16248,5491,0.3379,0.2986,0.0754,0.4068,-0.3314,0.1070,0.1239,-0.2607
Research Coordination,10,13731,4129,0.3007,0.3230,0.0166,0.3722,-0.3556,0.1264,-0.0715,-0.3964
Research Coordination,11,9273,2651,0.2859,0.3446,0.1239,0.3932,-0.2693,0.1642,-0.1867,-0.3758
Research Coordination,12,4096,1195,0.2917,0.3589,0.5258,0.4260,0.0999,0.2397,-0.2071,-0.0183
Research Outpost,1,17529,12116,0.6912,0.2844,1.3141,0.2944,1.0197,0.0711,0.8882,1.5266
Research Outpost,2,12600,8102,0.6430,0.2194,1.3255,0.2283,1.0972,0.0877,1.0750,1.7107
Research Outpost,3,11675,7932,0.6794,0.2123,1.1991,0.2606,0.9385,0.0873,1.1634,1.6025
Research Outpost,4,11138,8019,0.7200,0.2136,1.1136,0.2770,0.8365,0.0897,1.2153,1.5301
Research Outpost,5,10732,8039,0.7491,0.2196,1.1920,0.2811,0.9109,0.0882,1.2271,1.6112
Research Outpost,6,10710,8305,0.7754,0.2281,1.1371,0.3350,0.8021,0.0854,1.2237,1.5005
Research Outpost,7,10625,8488,0.7989,0.2441,0.8880,0.3433,0.5447,0.0842,1.1856,1.2214
Research Outpost,8,10335,8563,0.8285,0.2703,0.8300,0.3893,0.4407,0.0833,1.1200,1.0799
Research Outpost,9,9601,8155,0.8494,0.2986,0.7574,0.4068,0.3506,0.0872,1.0455,0.9473
Research Outpost,10,8111,6735,0.8304,0.3230,0.6298,0.3722,0.2576,0.0991,0.9442,0.7964
Research Outpost,11,5402,4277,0.7917,0.3446,0.3931,0.3932,-0.0001,0.1282,0.8320,0.4747
Research Outpost,12,2356,1757,0.7458,0.3589,0.7887,0.4260,0.3627,0.2141,0.7314,0.7801
Restricted Area,1,17384,9597,0.5521,0.2844,1.5934,0.2944,1.2990,0.0821,0.6634,1.6776
Restricted Area,2,14773,8391,0.5680,0.2194,1.3071,0.2283,1.0787,0.0849,0.9510,1.6215
Restricted Area,3,13468,7742,0.5748,0.2123,1.1756,0.2606,0.9150,0.0900,0.9963,1.4836
Restricted Area,4,12796,7353,0.5746,0.2136,1.0859,0.2770,0.8089,0.0918,0.9898,1.3738
Restricted Area,5,12819,7514,0.5862,0.2196,1.0678,0.2811,0.7867,0.0921,0.9819,1.3470
Restricted Area,6,12787,7441,0.5819,0.2281,0.9123,0.3350,0.5773,0.0912,0.9366,1.1118
Restricted Area,7,12999,7805,0.6004,0.2441,0.7056,0.3433,0.3623,0.0878,0.9001,0.8760
Restricted Area,8,12711,8092,0.6366,0.2703,0.6244,0.3893,0.2351,0.0878,0.8565,0.7238
Restricted Area,9,11619,7668,0.6600,0.2986,0.5074,0.4068,0.1006,0.0910,0.7932,0.5533
Restricted Area,10,9601,6448,0.6716,0.3230,0.4367,0.3722,0.0645,0.1008,0.7320,0.4823
Restricted Area,11,5999,3994,0.6658,0.3446,0.1167,0.3932,-0.2765,0.1300,0.6587,0.0994
Restricted Area,12,2520,1697,0.6734,0.3589,-0.1659,0.4260,-0.5918,0.2092,0.6294,-0.2326
Robotic Workforce,1,15700,5511,0.3510,0.2844,0.9278,0.2944,0.6334,0.1073,0.2106,0.7536
Robotic Workforce,2,16467,4413,0.2680,0.2194,0.6206,0.2283,0.3923,0.1183,0.1998,0.5063
Robotic Workforce,3,18486,4965,0.2686,0.2123,0.8738,0.2606,0.6132,0.1136,0.2354,0.7475
Robotic Workforce,4,20056,5526,0.2755,0.2136,0.5262,0.2770,0.2492,0.1073,0.2548,0.3946
Robotic Workforce,5,21065,5819,0.2762,0.2196,0.3229,0.2811,0.0417,0.1053,0.2296,0.1727
Robotic Workforce,6,21824,6100,0.2795,0.2281,0.1938,0.3350,-0.1413,0.1018,0.2033,-0.0252
Robotic Workforce,7,22350,6515,0.2915,0.2441,0.1478,0.3433,-0.1955,0.0990,0.1775,-0.0942
Robotic Workforce,8,22235,6926,0.3115,0.2703,0.0273,0.3893,-0.3621,0.0960,0.1417,-0.2812
Robotic Workforce,9,20708,6356,0.3069,0.2986,0.0421,0.4068,-0.3647,0.0990,0.0276,-0.3490
Robotic Workforce,10,17598,5103,0.2900,0.3230,-0.2057,0.3722,-0.5779,0.1119,-0.1078,-0.6394
Robotic Workforce,11,11687,3094,0.2647,0.3446,-0.3082,0.3932,-0.7014,0.1426,-0.2635,-0.8518
Robotic Workforce,12,4940,1284,0.2599,0.3589,0.4981,0.4260,0.0722,0.2401,-0.3226,-0.1119
Rover Construction,1,12261,6910,0.5636,0.2844,-0.9524,0.2944,-1.2467,0.0865,0.6840,-0.8564
Rover Construction,2,10774,5316,0.4934,0.2194,-0.6843,0.2283,-0.9127,0.1008,0.8102,-0.4503
Rover Construction,3,10934,5299,0.4846,0.2123,-0.6483,0.2606,-0.9089,0.1040,0.8256,-0.4377
Rover Construction,4,11372,5647,0.4966,0.2136,-0.2701,0.2770,-0.5472,0.1042,0.8438,-0.0656
Rover Construction,5,11618,5939,0.5112,0.2196,0.0589,0.2811,-0.2223,0.1007,0.8450,0.2600
Rover Construction,6,11935,6262,0.5247,0.2281,-0.1575,0.3350,-0.4925,0.0991,0.8331,-0.0171
Rover Construction,7,12138,6705,0.5524,0.2441,0.1978,0.3433,-0.1454,0.0951,0.8167,0.3207
Rover Construction,8,11980,6904,0.5763,0.2703,0.5638,0.3893,0.1744,0.0989,0.7570,0.6064
Rover Construction,9,11269,6918,0.6139,0.2986,0.3824,0.4068,-0.0244,0.0960,0.7208,0.3869
Rover Construction,10,9474,6051,0.6387,0.3230,0.1719,0.3722,-0.2003,0.1061,0.6818,0.1888
Rover Construction,11,6275,4146,0.6607,0.3446,0.3725,0.3932,-0.0207,0.1293,0.6511,0.3508
Rover Construction,12,2755,1877,0.6813,0.3589,0.3665,0.4260,-0.0595,0.2041,0.6410,0.3063
SF Memorial,1,10094,3440,0.3408,0.2844,-1.2200,0.2944,-1.5144,0.1237,0.1810,-1.4110
SF Memorial,2,11514,3719,0.3230,0.2194,-1.1439,0.2283,-1.3722,0.1245,0.3865,-1.1516
SF Memorial,3,12705,4088,0.3218,0.2123,-0.6158,0.2606,-0.8764,0.1194,0.4161,-0.6390
SF Memorial,4,13740,4330,0.3151,0.2136,-0.3263,0.2770,-0.6033,0.1157,0.3891,-0.3812
SF Memorial,5,14725,4732,0.3214,0.2196,-0.1004,0.2811,-0.3816,0.1123,0.3808,-0.1642
SF Memorial,6,15741,5147,0.3270,0.2281,-0.2398,0.3350,-0.5748,0.1100,0.3602,-0.3692
SF Memorial,7,16596,5600,0.3374,0.2441,0.2508,0.3433,-0.0924,0.1077,0.3238,0.0924
SF Memorial,8,17260,6345,0.3676,0.2703,0.5016,0.3893,0.1123,0.0989,0.3074,0.2877
SF Memorial,9,16982,7304,0.4301,0.2986,0.5363,0.4068,0.1295,0.0971,0.3650,0.3378
SF Memorial,10,14853,7650,0.5150,0.3230,0.2019,0.3722,-0.1703,0.0952,0.4666,0.0960
SF Memorial,11,9638,5757,0.5973,0.3446,0.3604,0.3932,-0.0329,0.1121,0.5502,0.2811
SF Memorial,12,3878,2569,0.6625,0.3589,0.3483,0.4260,-0.0776,0.1679,0.6130,0.2722
Sabotage,1,15175,11297,0.7444,0.2844,0.3558,0.2944,0.0614,0.0764,0.9624,0.6106
Sabotage,2,10346,7419,0.7171,0.2194,0.0556,0.2283,-0.1727,0.0911,1.1841,0.5030
Sabotage,3,9468,6776,0.7157,0.2123,0.2760,0.2606,0.0154,0.0972,1.2155,0.7091
Sabotage,4,9558,7065,0.7392,0.2136,0.4601,0.2770,0.1831,0.0941,1.2416,0.8917
Sabotage,5,9744,7223,0.7413,0.2196,0.4260,0.2811,0.1449,0.0930,1.2167,0.8392
Sabotage,6,9984,7373,0.7385,0.2281,0.4162,0.3350,0.0811,0.0933,1.1749,0.7516
Sabotage,7,10203,7595,0.7444,0.2441,0.4569,0.3433,0.1136,0.0914,1.1150,0.7500
Sabotage,8,10212,7639,0.7480,0.2703,0.6684,0.3893,0.2791,0.0932,1.0178,0.8599
Sabotage,9,10144,7691,0.7582,0.2986,0.7852,0.4068,0.3784,0.0918,0.9319,0.9102
Sabotage,10,9151,7056,0.7711,0.3230,0.4042,0.3722,0.0320,0.0990,0.8701,0.5286
Sabotage,11,6150,4953,0.8054,0.3446,0.9322,0.3932,0.5390,0.1233,0.8490,1.0236
Sabotage,12,2681,2189,0.8165,0.3589,1.0581,0.4260,0.6321,0.1870,0.8220,1.1012
Satellites,1,10920,896,0.0821,0.2844,1.0089,0.2944,0.7145,0.2687,-1.2429,0.0052
Satellites,2,14207,1728,0.1216,0.2194,0.4155,0.2283,0.1872,0.1902,-0.5901,-0.1496
Satellites,3,16839,2774,0.1647,0.2123,0.2398,0.2606,-0.0207,0.1495,-0.2534,-0.1654
Satellites,4,18752,3949,0.2106,0.2136,0.5775,0.2770,0.3005,0.1281,-0.0140,0.2925
Satellites,5,20021,4864,0.2429,0.2196,0.5060,0.2811,0.2249,0.1156,0.1011,0.2826
Satellites,6,20673,5916,0.2862,0.2281,0.5544,0.3350,0.2194,0.1012,0.2269,0.3488
Satellites,7,20589,6797,0.3301,0.2441,0.5013,0.3433,0.1581,0.0948,0.3019,0.3304
Satellites,8,19592,7153,0.3651,0.2703,0.3259,0.3893,-0.0634,0.0917,0.3005,0.1081
Satellites,9,17623,6868,0.3897,0.2986,0.1762,0.4068,-0.2306,0.0914,0.2664,-0.0786
Satellites,10,14057,5159,0.3670,0.3230,0.3347,0.3722,-0.0375,0.1092,0.1278,0.0354
Satellites,11,9031,2904,0.3216,0.3446,0.3301,0.3932,-0.0631,0.1499,-0.0691,-0.1025
Satellites,12,3728,1032,0.2768,0.3589,0.4324,0.4260,0.0064,0.2557,-0.2596,-0.1418
Search For Life,1,12727,3111,0.2444,0.2844,-0.8380,0.2944,-1.1324,0.1191,-0.1513,-1.2187
Search For Life,2,14807,3182,0.2149,0.2194,-0.5321,0.2283,-0.7605,0.1316,-0.0210,-0.7724
Search For Life,3,17078,4170,0.2442,0.2123,-0.0110,0.2606,-0.2716,0.1208,0.1401,-0.1916
Search For Life,4,18503,5748,0.3107,0.2136,0.2378,0.2770,-0.0392,0.1033,0.3748,0.1747
Search For Life,5,18361,6933,0.3776,0.2196,0.0596,0.2811,-0.2215,0.0971,0.5421,0.0879
Search For Life,6,16934,7160,0.4228,0.2281,0.0610,0.3350,-0.2740,0.0941,0.6172,0.0783
Search For Life,7,14938,6886,0.4610,0.2441,0.2273,0.3433,-0.1159,0.0984,0.6358,0.2469
Search For Life,8,12564,5350,0.4258,0.2703,0.0258,0.3893,-0.3635,0.1065,0.4544,-0.1042
Search For Life,9,10621,2888,0.2719,0.2986,0.0465,0.4068,-0.3603,0.1461,-0.0935,-0.4136
Search For Life,10,9489,1091,0.1150,0.3230,0.0893,0.3722,-0.2829,0.2316,-1.0329,-0.8724
Search For Life,11,7166,209,0.0292,0.3446,0.7836,0.3932,0.3904,0.4987,-2.4693,-1.0188
Search For Life,12,3617,32,0.0088,0.3589,1.8483,0.4260,1.4224,1.2101,-3.7029,-0.6908
Security Fleet,1,4851,405,0.0835,0.2844,-1.5547,0.2944,-1.8491,0.2587,-1.2256,-2.5485
Security Fleet,2,5918,568,0.0960,0.2194,-1.6068,0.2283,-1.8352,0.2228,-0.8270,-2.3071
Security Fleet,3,7062,650,0.0920,0.2123,-0.8981,0.2606,-1.1586,0.2550,-0.8355,-1.6355
Security Fleet,4,8424,811,0.0963,0.2136,-1.2591,0.2770,-1.5361,0.2165,-0.7967,-1.9908
Security Fleet,5,9757,909,0.0932,0.2196,-0.8958,0.2811,-1.1769,0.2225,-0.8574,-1.6662
Security Fleet,6,11405,1056,0.0926,0.2281,-0.7235,0.3350,-1.0585,0.2104,-0.9015,-1.5730
Security Fleet,7,13238,1341,0.1013,0.2441,0.2293,0.3433,-0.1139,0.2042,-0.8795,-0.6159
Security Fleet,8,14866,1607,0.1081,0.2703,-0.0305,0.3893,-0.4199,0.1887,-0.9166,-0.9430
Security Fleet,9,16163,1937,0.1198,0.2986,0.2091,0.4068,-0.1978,0.1787,-0.9128,-0.7187
Security Fleet,10,15755,1984,0.1259,0.3230,0.0267,0.3722,-0.3455,0.1744,-0.9419,-0.8831
Security Fleet,11,11980,1608,0.1342,0.3446,-0.1160,0.3932,-0.5092,0.2084,-0.9428,-1.0472
Security Fleet,12,5456,743,0.1362,0.3589,0.7654,0.4260,0.3395,0.3375,-0.9690,-0.2135
Shuttles,1,9965,13,0.0013,0.2844,-1.1623,0.2944,-1.4567,2.6551,-5.3844,-4.5295
Shuttles,2,14195,25,0.0018,0.2194,-1.3531,0.2283,-1.5814,1.2423,-4.8251,-4.3350
Shuttles,3,18785,110,0.0059,0.2123,-0.0607,0.2606,-0.3213,0.7504,-3.5903,-2.3703
Shuttles,4,23832,617,0.0259,0.2136,0.3994,0.2770,0.1224,0.3444,-2.1101,-1.0818
Shuttles,5,29085,1951,0.0671,0.2196,0.1586,0.2811,-0.1225,0.1775,-1.1858,-0.7993
Shuttles,6,33460,5078,0.1518,0.2281,0.7544,0.3350,0.4194,0.1126,-0.4074,0.1869
Shuttles,7,35203,9471,0.2690,0.2441,0.5618,0.3433,0.2185,0.0802,0.0973,0.2740
Shuttles,8,32540,13601,0.4180,0.2703,0.2717,0.3893,-0.1176,0.0675,0.4358,0.1310
Shuttles,9,25293,14011,0.5539,0.2986,0.3515,0.4068,-0.0553,0.0673,0.6181,0.2974
Shuttles,10,16122,9839,0.6103,0.3230,0.1882,0.3722,-0.1840,0.0816,0.6363,0.1791
Shuttles,11,8597,5351,0.6224,0.3446,0.2444,0.3932,-0.1488,0.1151,0.5914,0.1887
Shuttles,12,3245,2145,0.6610,0.3589,0.4168,0.4260,-0.0092,0.1841,0.6108,0.3394
Small Animals,1,10255,22,0.0021,0.2844,-2.3396,0.2944,-2.6340,0.6706,-4.8870,-5.4230
Small Animals,2,15152,8,0.0005,0.2194,2.0015,0.2283,1.7731,1.6795,-6.0298,-1.6680
Small Animals,3,20372,58,0.0028,0.2123,0.1429,0.2606,-0.1177,0.8538,-4.3115,-2.5782
Small Animals,4,25958,450,0.0173,0.2136,1.4189,0.2770,1.1419,0.3649,-2.5111,-0.2912
Small Animals,5,31639,1656,0.0523,0.2196,1.2146,0.2811,0.9335,0.2052,-1.4339,0.1151
Small Animals,6,36610,4130,0.1128,0.2281,1.0770,0.3350,0.7419,0.1277,-0.7040,0.3402
Small Animals,7,39292,8358,0.2127,0.2441,0.6458,0.3433,0.3025,0.0888,-0.1376,0.2240
Small Animals,8,37854,13468,0.3558,0.2703,0.5376,0.3893,0.1483,0.0706,0.2747,0.3050
Small Animals,9,30337,15073,0.4969,0.2986,0.3478,0.4068,-0.0590,0.0656,0.5093,0.2316
Small Animals,10,19020,10802,0.5679,0.3230,0.3385,0.3722,-0.0337,0.0775,0.5644,0.2884
Small Animals,11,9257,4995,0.5396,0.3446,0.2258,0.3932,-0.1674,0.1176,0.4486,0.0886
Small Animals,12,3278,1660,0.5064,0.3589,0.1780,0.4260,-0.2479,0.2104,0.3444,-0.0514
Soil Factory,1,3824,402,0.1051,0.2844,-1.7723,0.2944,-2.0667,0.3106,-0.9951,-2.6346
Soil Factory,2,5181,524,0.1011,0.2194,-1.5846,0.2283,-1.8130,0.3009,-0.7746,-2.2551
Soil Factory,3,6518,687,0.1054,0.2123,-0.8726,0.2606,-1.1332,0.2544,-0.7000,-1.5327
Soil Factory,4,8052,860,0.1068,0.2136,-0.6671,0.2770,-0.9441,0.2548,-0.6929,-1.3395
Soil Factory,5,9695,987,0.1018,0.2196,-0.6079,0.2811,-0.8890,0.2453,-0.7687,-1.3277
Soil Factory,6,11572,1374,0.1187,0.2281,0.0554,0.3350,-0.2797,0.2152,-0.6528,-0.6522
Soil Factory,7,13423,1785,0.1330,0.2441,0.2336,0.3433,-0.1097,0.1828,-0.6074,-0.4563
Soil Factory,8,15300,2262,0.1478,0.2703,0.0343,0.3893,-0.3550,0.1662,-0.6035,-0.6994
Soil Factory,9,16644,3086,0.1854,0.2986,0.2777,0.4068,-0.1291,0.1444,-0.4764,-0.4010
Soil Factory,10,16031,3499,0.2183,0.3230,0.1993,0.3722,-0.1730,0.1340,-0.3919,-0.3966
Soil Factory,11,11845,2942,0.2484,0.3446,0.3223,0.3932,-0.0709,0.1563,-0.3273,-0.2577
Soil Factory,12,5508,1559,0.2830,0.3589,0.4271,0.4260,0.0011,0.2335,-0.2374,-0.1344
Solar Power,1,8730,2620,0.3001,0.2844,-0.6710,0.2944,-0.9653,0.1400,0.0539,-0.9346
Solar Power,2,9915,2654,0.2677,0.2194,-0.7390,0.2283,-0.9673,0.1408,0.1987,-0.8539
Solar Power,3,11175,2936,0.2627,0.2123,-0.6693,0.2606,-0.9299,0.1363,0.2134,-0.8082
Solar Power,4,12175,3058,0.2512,0.2136,-0.6990,0.2770,-0.9760,0.1332,0.1622,-0.8834
Solar Power,5,13150,3206,0.2438,0.2196,-0.7511,0.2811,-1.0323,0.1306,0.1046,-0.9725
Solar Power,6,14019,3185,0.2272,0.2281,-0.3257,0.3350,-0.6607,0.1339,-0.0039,-0.6629
Solar Power,7,14990,2923,0.1950,0.2441,-0.3712,0.3433,-0.7144,0.1382,-0.2246,-0.8426
Solar Power,8,16255,2944,0.1811,0.2703,-0.2873,0.3893,-0.6767,0.1350,-0.4005,-0.9053
Solar Power,9,17133,3157,0.1843,0.2986,-0.0136,0.4068,-0.4204,0.1405,-0.4826,-0.6959
Solar Power,10,16333,3265,0.1999,0.3230,0.3644,0.3722,-0.0078,0.1469,-0.4798,-0.2816
Solar Power,11,11983,2889,0.2411,0.3446,0.2707,0.3932,-0.1225,0.1553,-0.3571,-0.3263
Solar Power,12,5513,1535,0.2784,0.3589,0.2750,0.4260,-0.1510,0.2330,-0.2538,-0.2958
Solar Wind Power,1,18139,5974,0.3293,0.2844,0.3430,0.2944,0.0487,0.0985,0.1468,0.1325
Solar Wind Power,2,18878,6742,0.3571,0.2194,0.0893,0.2283,-0.1390,0.0969,0.4870,0.1389
Solar Wind Power,3,19110,7748,0.4054,0.2123,0.2980,0.2606,0.0374,0.0879,0.6472,0.4068
Solar Wind Power,4,18442,8120,0.4403,0.2136,0.3956,0.2770,0.1186,0.0888,0.7236,0.5315
Solar Wind Power,5,17527,7920,0.4519,0.2196,0.1132,0.2811,-0.1679,0.0875,0.7217,0.2439
Solar Wind Power,6,16977,7879,0.4641,0.2281,0.2224,0.3350,-0.1126,0.0871,0.7104,0.2928
Solar Wind Power,7,16498,7829,0.4745,0.2441,0.1190,0.3433,-0.2242,0.0899,0.6648,0.1552
Solar Wind Power,8,16091,8208,0.5101,0.2703,0.2647,0.3893,-0.1247,0.0869,0.6349,0.2377
Solar Wind Power,9,14546,7653,0.5261,0.2986,0.1988,0.4068,-0.2080,0.0900,0.5665,0.1153
Solar Wind Power,10,12008,6484,0.5400,0.3230,0.2437,0.3722,-0.1285,0.1014,0.5139,0.1647
Solar Wind Power,11,7539,4274,0.5669,0.3446,0.4687,0.3932,0.0755,0.1296,0.4980,0.3597
Solar Wind Power,12,3108,1894,0.6094,0.3589,0.2146,0.4260,-0.2114,0.2014,0.5295,0.0908
Soletta,1,10500,4688,0.4465,0.2844,-0.1318,0.2944,-0.4262,0.1162,0.4511,-0.1687
Soletta,2,8759,2183,0.2492,0.2194,-0.2316,0.2283,-0.4599,0.1725,0.1273,-0.3873
Soletta,3,9236,1815,0.1965,0.2123,-0.6937,0.2606,-0.9543,0.1895,-0.0770,-0.9982
Soletta,4,10121,1472,0.1454,0.2136,-0.9825,0.2770,-1.2595,0.2015,-0.3841,-1.4788
Soletta,5,11226,1338,0.1192,0.2196,-1.2635,0.2811,-1.5447,0.1938,-0.6110,-1.8934
Soletta,6,12673,1139,0.0899,0.2281,-1.3057,0.3350,-1.6407,0.2139,-0.9313,-2.1722
Soletta,7,14344,1089,0.0759,0.2441,-0.9288,0.3433,-1.2721,0.2211,-1.1679,-1.9386
Soletta,8,16056,1033,0.0643,0.2703,-0.7034,0.3893,-1.0927,0.2202,-1.4355,-1.9120
Soletta,9,17325,875,0.0505,0.2986,-0.9799,0.4068,-1.3867,0.2327,-1.7769,-2.4008
Soletta,10,17174,724,0.0422,0.3230,-0.4414,0.3722,-0.8136,0.2563,-2.0362,-1.9757
Soletta,11,13147,505,0.0384,0.3446,-0.3568,0.3932,-0.7501,0.3341,-2.1939,-2.0021
Soletta,12,6342,229,0.0361,0.3589,0.7943,0.4260,0.3684,0.5501,-2.2965,-0.9422
Space Elevator,1,17774,9211,0.5182,0.2844,1.1930,0.2944,0.8986,0.0811,0.6002,1.2411
Space Elevator,2,14784,6817,0.4611,0.2194,0.8843,0.2283,0.6559,0.0963,0.7425,1.0797
Space Elevator,3,14302,6811,0.4762,0.2123,0.7248,0.2606,0.4642,0.0988,0.8081,0.9254
Space Elevator,4,13944,6698,0.4803,0.2136,0.4686,0.2770,0.1916,0.0955,0.8106,0.6542
Space Elevator,5,13746,6776,0.4929,0.2196,0.3258,0.2811,0.0447,0.0939,0.8087,0.5062
Space Elevator,6,13552,6708,0.4950,0.2281,0.2853,0.3350,-0.0498,0.0937,0.7748,0.3924
Space Elevator,7,13632,6826,0.5007,0.2441,0.2360,0.3433,-0.1072,0.0924,0.7185,0.3028
Space Elevator,8,13516,6877,0.5088,0.2703,-0.0520,0.3893,-0.4414,0.0935,0.6324,-0.0804
Space Elevator,9,12870,6497,0.5048,0.2986,0.0445,0.4068,-0.3623,0.0945,0.5252,-0.0626
Space Elevator,10,10807,5009,0.4635,0.3230,0.0566,0.3722,-0.3156,0.1090,0.3612,-0.1095
Space Elevator,11,7357,3200,0.4350,0.3446,0.3948,0.3932,0.0016,0.1443,0.2330,0.1345
Space Elevator,12,3231,1429,0.4423,0.3589,-0.1314,0.4260,-0.5573,0.2310,0.2090,-0.4381
Space Hotels,1,16382,5578,0.3405,0.2844,1.5664,0.2944,1.2720,0.1062,0.1801,1.3748
Space Hotels,2,16744,5441,0.3250,0.2194,1.2788,0.2283,1.0505,0.1081,0.3926,1.2745
Space Hotels,3,17341,6044,0.3485,0.2123,0.8191,0.2606,0.5585,0.1012,0.4960,0.8415
Space Hotels,4,17560,6574,0.3744,0.2136,0.6688,0.2770,0.3918,0.0970,0.5614,0.7122
Space Hotels,5,17439,7153,0.4102,0.2196,0.4300,0.2811,0.1489,0.0928,0.6249,0.5055
Space Hotels,6,16817,7148,0.4250,0.2281,0.2341,0.3350,-0.1009,0.0930,0.6225,0.2543
Space Hotels,7,16139,7093,0.4395,0.2441,0.3277,0.3433,-0.0155,0.0935,0.5881,0.3201
Space Hotels,8,15277,6729,0.4405,0.2703,0.0358,0.3893,-0.3535,0.0926,0.4882,-0.0749
Space Hotels,9,13816,5600,0.4053,0.2986,0.0220,0.4068,-0.3849,0.1006,0.3057,-0.2104
Space Hotels,10,11611,4008,0.3452,0.3230,-0.1016,0.3722,-0.4738,0.1214,0.0665,-0.4359
Space Hotels,11,7661,2068,0.2699,0.3446,0.4403,0.3932,0.0471,0.1782,-0.2441,-0.0922
Space Hotels,12,3299,778,0.2358,0.3589,0.1306,0.4260,-0.2954,0.2884,-0.4199,-0.5350
Space Mirrors,1,6535,1635,0.2502,0.2844,-0.5707,0.2944,-0.8651,0.1738,-0.1280,-0.9382
Space Mirrors,2,7340,1793,0.2443,0.2194,-0.9560,0.2283,-1.1844,0.1614,0.1072,-1.1232
Space Mirrors,3,8026,1830,0.2280,0.2123,-0.7045,0.2606,-0.9651,0.1618,0.0716,-0.9242
Space Mirrors,4,8628,1797,0.2083,0.2136,-0.6011,0.2770,-0.8782,0.1712,-0.0250,-0.8925
Space Mirrors,5,9432,1661,0.1761,0.2196,-0.5696,0.2811,-0.8507,0.1808,-0.2206,-0.9767
Space Mirrors,6,10331,1510,0.1462,0.2281,-0.5030,0.3350,-0.8380,0.2004,-0.4450,-1.0920
Space Mirrors,7,11475,1206,0.1051,0.2441,-0.6494,0.3433,-0.9927,0.1986,-0.8427,-1.4736
Space Mirrors,8,12957,1182,0.0912,0.2703,-0.2666,0.3893,-0.6559,0.2198,-1.0863,-1.2759
Space Mirrors,9,14123,1017,0.0720,0.2986,-0.1706,0.4068,-0.5774,0.2285,-1.4222,-1.3890
Space Mirrors,10,14152,839,0.0593,0.3230,0.2228,0.3722,-0.1494,0.2875,-1.6953,-1.1169
Space Mirrors,11,11004,562,0.0511,0.3446,-0.1716,0.3932,-0.5648,0.3497,-1.9090,-1.6542
Space Mirrors,12,5229,259,0.0495,0.3589,0.4688,0.4260,0.0428,0.5429,-1.9804,-1.0873
Space Station,1,15208,5084,0.3343,0.2844,-0.5828,0.2944,-0.8772,0.1072,0.1618,-0.7849
Space Station,2,16129,5208,0.3229,0.2194,-0.5459,0.2283,-0.7742,0.1069,0.3862,-0.5538
Space Station,3,17205,6630,0.3854,0.2123,-0.2601,0.2606,-0.5207,0.0962,0.5964,-0.1804
Space Station,4,16944,6839,0.4036,0.2136,-0.0901,0.2770,-0.3671,0.0942,0.6366,-0.0038
Space Station,5,16609,7278,0.4382,0.2196,0.0288,0.2811,-0.2523,0.0910,0.6910,0.1420
Space Station,6,16286,7914,0.4859,0.2281,0.1459,0.3350,-0.1891,0.0888,0.7564,0.2426
Space Station,7,15434,8195,0.5310,0.2441,0.3738,0.3433,0.0306,0.0875,0.7771,0.4741
Space Station,8,14430,8424,0.5838,0.2703,0.5724,0.3893,0.1830,0.0849,0.7699,0.6224
Space Station,9,12879,8131,0.6313,0.2986,0.1788,0.4068,-0.2280,0.0880,0.7488,0.1993
Space Station,10,10439,7007,0.6712,0.3230,0.3737,0.3722,0.0015,0.0951,0.7315,0.4189
Space Station,11,6712,4806,0.7160,0.3446,0.4957,0.3932,0.1025,0.1183,0.7315,0.5199
Space Station,12,2756,2098,0.7612,0.3589,0.2675,0.4260,-0.1584,0.1877,0.7520,0.2707
Special Design,1,4400,98,0.0223,0.2844,0.3752,0.2944,0.0809,0.6815,-2.5469,-1.3726
Special Design,2,6464,229,0.0354,0.2194,-0.3960,0.2283,-0.6244,0.5409,-1.8236,-1.6651
Special Design,3,8713,445,0.0511,0.2123,0.0238,0.2606,-0.2368,0.3648,-1.4245,-1.0497
Special Design,4,11102,735,0.0662,0.2136,0.5760,0.2770,0.2989,0.3030,-1.1711,-0.3694
Special Design,5,13583,1200,0.0883,0.2196,0.3792,0.2811,0.0981,0.2330,-0.9105,-0.4215
Special Design,6,16071,1682,0.1047,0.2281,0.2073,0.3350,-0.1277,0.1983,-0.7790,-0.5722
Special Design,7,18162,2217,0.1221,0.2441,0.6075,0.3433,0.2642,0.1753,-0.6930,-0.1313
Special Design,8,19870,3101,0.1561,0.2703,0.7322,0.3893,0.3429,0.1470,-0.5494,0.0293
Special Design,9,20142,3583,0.1779,0.2986,0.9046,0.4068,0.4978,0.1373,-0.5179,0.2022
Special Design,10,18017,3584,0.1989,0.3230,0.7235,0.3722,0.3513,0.1391,-0.4847,0.0747
Special Design,11,12388,2527,0.2040,0.3446,0.7278,0.3932,0.3346,0.1708,-0.5242,0.0354
Special Design,12,5539,1288,0.2325,0.3589,0.8081,0.4260,0.3821,0.2531,-0.4340,0.1345
Sponsors,1,16948,14080,0.8308,0.2844,0.4288,0.2944,0.1344,0.0667,1.0721,0.7462
Sponsors,2,9661,7963,0.8242,0.2194,0.0877,0.2283,-0.1406,0.0884,1.3233,0.6146
Sponsors,3,8448,6961,0.8240,0.2123,0.3951,0.2606,0.1345,0.0954,1.3564,0.9086
Sponsors,4,7998,6388,0.7987,0.2136,0.0024,0.2770,-0.2746,0.0969,1.3191,0.4782
Sponsors,5,7780,6006,0.7720,0.2196,0.0030,0.2811,-0.2782,0.1003,1.2572,0.4393
Sponsors,6,7782,5660,0.7273,0.2281,0.0465,0.3350,-0.2885,0.0992,1.1597,0.3733
Sponsors,7,7697,5072,0.6590,0.2441,0.1012,0.3433,-0.2420,0.1064,0.9931,0.3247
Sponsors,8,7878,4696,0.5961,0.2703,0.2146,0.3893,-0.1748,0.1089,0.7907,0.2765
Sponsors,9,7720,3834,0.4966,0.2986,0.2668,0.4068,-0.1400,0.1196,0.5089,0.1503
Sponsors,10,7182,2690,0.3745,0.3230,0.0842,0.3722,-0.2880,0.1455,0.1481,-0.2035
Sponsors,11,5396,1531,0.2837,0.3446,-0.0154,0.3932,-0.4086,0.1987,-0.1942,-0.5194
Sponsors,12,2524,582,0.2306,0.3589,0.2953,0.4260,-0.1306,0.3572,-0.4424,-0.3831
Standard Technology,1,14443,1847,0.1279,0.2844,-0.8607,0.2944,-1.1551,0.1708,-0.7992,-1.6111
Standard Technology,2,18701,2773,0.1483,0.2194,-0.4380,0.2283,-0.6664,0.1446,-0.3920,-0.8901
Standard Technology,3,21992,3583,0.1629,0.2123,-0.0476,0.2606,-0.3082,0.1335,-0.2645,-0.4592
Standard Technology,4,24766,4467,0.1804,0.2136,-0.0950,0.2770,-0.3720,0.1181,-0.1689,-0.4684
Standard Technology,5,26601,5218,0.1962,0.2196,-0.0322,0.2811,-0.3134,0.1093,-0.1128,-0.3777
Standard Technology,6,27977,6010,0.2148,0.2281,0.1367,0.3350,-0.1983,0.1042,-0.0599,-0.2325
Standard Technology,7,28640,6727,0.2349,0.2441,-0.0822,0.3433,-0.4254,0.0976,-0.0385,-0.4474
Standard Technology,8,28419,7636,0.2687,0.2703,0.1115,0.3893,-0.2778,0.0922,-0.0061,-0.2813
Standard Technology,9,26446,8213,0.3106,0.2986,0.4697,0.4068,0.0629,0.0884,0.0394,0.0854
Standard Technology,10,21760,7497,0.3445,0.3230,0.4508,0.3722,0.0786,0.0949,0.0646,0.1155
Standard Technology,11,13986,5394,0.3857,0.3446,0.4481,0.3932,0.0549,0.1132,0.1127,0.1192
Standard Technology,12,5570,2325,0.4174,0.3589,0.2819,0.4260,-0.1441,0.1851,0.1511,-0.0578
Steelworks,1,5841,50,0.0086,0.2844,0.4385,0.2944,0.1441,1.0196,-3.5031,-1.8551
Steelworks,2,8086,1460,0.1806,0.2194,1.2695,0.2283,1.0412,0.2134,-0.1951,0.9299
Steelworks,3,8940,1096,0.1226,0.2123,1.0553,0.2606,0.7948,0.2386,-0.5489,0.4815
Steelworks,4,10316,1281,0.1242,0.2136,0.9996,0.2770,0.7226,0.2336,-0.5422,0.4131
Steelworks,5,11801,1685,0.1428,0.2196,0.7499,0.2811,0.4687,0.1906,-0.4304,0.2231
Steelworks,6,13152,1902,0.1446,0.2281,0.5590,0.3350,0.2240,0.1842,-0.4556,-0.0361
Steelworks,7,14322,2129,0.1487,0.2441,0.6107,0.3433,0.2674,0.1764,-0.4960,-0.0156
Steelworks,8,15291,2040,0.1334,0.2703,0.3476,0.3893,-0.0417,0.1740,-0.7062,-0.4448
Steelworks,9,15880,1651,0.1040,0.2986,0.1224,0.4068,-0.2844,0.1912,-1.0549,-0.8864
Steelworks,10,15243,984,0.0646,0.3230,-0.1171,0.3722,-0.4893,0.2458,-1.6101,-1.4081
Steelworks,11,11792,416,0.0353,0.3446,0.0378,0.3932,-0.3554,0.3942,-2.2790,-1.6560
Steelworks,12,5653,88,0.0156,0.3589,0.3098,0.4260,-0.1162,0.7913,-3.1378,-1.9069
Strip Mine,1,14764,4887,0.3310,0.2844,0.8390,0.2944,0.5446,0.1134,0.1519,0.6313
Strip Mine,2,15644,3250,0.2077,0.2194,0.4188,0.2283,0.1905,0.1427,-0.0548,0.1592
Strip Mine,3,18176,4112,0.2262,0.2123,0.0949,0.2606,-0.1657,0.1240,0.0638,-0.1293
Strip Mine,4,19761,4725,0.2391,0.2136,-0.2404,0.2770,-0.5174,0.1143,0.1130,-0.4529
Strip Mine,5,20934,5158,0.2464,0.2196,-0.3356,0.2811,-0.6167,0.1057,0.1152,-0.5510
Strip Mine,6,21605,5581,0.2583,0.2281,-0.2447,0.3350,-0.5797,0.1028,0.1245,-0.5087
Strip Mine,7,22032,6169,0.2800,0.2441,-0.3810,0.3433,-0.7242,0.0982,0.1372,-0.6459
Strip Mine,8,21460,6547,0.3051,0.2703,-0.0217,0.3893,-0.4111,0.0954,0.1209,-0.3421
Strip Mine,9,19497,5993,0.3074,0.2986,-0.0740,0.4068,-0.4808,0.0983,0.0291,-0.4642
Strip Mine,10,15781,3686,0.2336,0.3230,-0.0303,0.3722,-0.4025,0.1216,-0.3241,-0.5875
Strip Mine,11,10813,1571,0.1453,0.3446,-0.2773,0.3932,-0.6705,0.1840,-0.8635,-1.1634
Strip Mine,12,4900,394,0.0804,0.3589,-0.1870,0.4260,-0.6129,0.3590,-1.4959,-1.4666
Subterranean Reservoir,1,12740,5326,0.4181,0.2844,-0.1679,0.2944,-0.4623,0.1060,0.3853,-0.2424
Subterranean Reservoir,2,12602,4963,0.3938,0.2194,-0.2780,0.2283,-0.5064,0.1090,0.5848,-0.1726
Subterranean Reservoir,3,12732,4503,0.3537,0.2123,-0.2597,0.2606,-0.5203,0.1185,0.5106,-0.2289
Subterranean Reservoir,4,13355,4545,0.3403,0.2136,-0.0645,0.2770,-0.3415,0.1164,0.4660,-0.0756
Subterranean Reservoir,5,14296,4805,0.3361,0.2196,0.0254,0.2811,-0.2557,0.1166,0.4257,-0.0128
Subterranean Reservoir,6,14987,4962,0.3311,0.2281,0.1177,0.3350,-0.2173,0.1147,0.3727,-0.0046
Subterranean Reservoir,7,15577,5474,0.3514,0.2441,0.3299,0.3433,-0.0134,0.1053,0.3644,0.1946
Subterranean Reservoir,8,15863,5830,0.3675,0.2703,0.3891,0.3893,-0.0003,0.1043,0.3071,0.1750
Subterranean Reservoir,9,15145,5541,0.3659,0.2986,0.4492,0.4068,0.0423,0.1074,0.2033,0.1583
Subterranean Reservoir,10,13095,4151,0.3170,0.3230,0.7710,0.3722,0.3988,0.1247,-0.0187,0.3881
Subterranean Reservoir,11,8899,2207,0.2480,0.3446,0.6134,0.3932,0.2202,0.1671,-0.3288,0.0326
Subterranean Reservoir,12,4028,729,0.1810,0.3589,0.8103,0.4260,0.3843,0.2931,-0.6846,-0.0064
Symbiotic Fungus,1,3863,6,0.0016,0.2844,0.9712,0.2944,0.6769,3.7928,-5.2099,-2.2964
Symbiotic Fungus,2,5623,1,0.0002,0.2194,1.5484,0.2283,1.3200,,-7.1180,-2.7421
Symbiotic Fungus,3,7722,16,0.0021,0.2123,4.5114,0.2606,4.2508,1.9025,-4.6293,1.6090
Symbiotic Fungus,4,10106,99,0.0098,0.2136,-0.9908,0.2770,-1.2678,0.8467,-3.0819,-3.0266
Symbiotic Fungus,5,12859,505,0.0393,0.2196,0.4634,0.2811,0.1823,0.3546,-1.7212,-0.8000
Symbiotic Fungus,6,15597,1397,0.0896,0.2281,0.6431,0.3350,0.3081,0.2193,-0.9347,-0.2253
Symbiotic Fungus,7,18011,3117,0.1731,0.2441,0.4712,0.3433,0.1280,0.1400,-0.3439,-0.0683
Symbiotic Fungus,8,18942,4793,0.2530,0.2703,0.5110,0.3893,0.1216,0.1095,-0.0661,0.0839
Symbiotic Fungus,9,17934,5221,0.2911,0.2986,0.6220,0.4068,0.2152,0.1080,-0.0253,0.2008
Symbiotic Fungus,10,14842,3961,0.2669,0.3230,0.3170,0.3722,-0.0552,0.1246,-0.1908,-0.1641
Symbiotic Fungus,11,9949,2221,0.2232,0.3446,0.5733,0.3932,0.1801,0.1728,-0.4340,-0.0676
Symbiotic Fungus,12,4319,884,0.2047,0.3589,-0.0375,0.4260,-0.4635,0.2987,-0.5616,-0.7840
Tardigrades,1,6952,4081,0.5870,0.2844,-0.3972,0.2944,-0.6916,0.1241,0.7248,-0.2780
Tardigrades,2,5790,2833,0.4893,0.2194,-0.0515,0.2283,-0.2799,0.1440,0.8018,0.1777
Tardigrades,3,5746,2496,0.4344,0.2123,0.0526,0.2606,-0.2080,0.1522,0.7162,0.2007
Tardigrades,4,6140,2240,0.3648,0.2136,0.0412,0.2770,-0.2358,0.1625,0.5355,0.0698
Tardigrades,5,6720,2079,0.3094,0.2196,0.1608,0.2811,-0.1204,0.1698,0.3428,0.0753
Tardigrades,6,7601,2062,0.2713,0.2281,0.3438,0.3350,0.0088,0.1746,0.1734,0.1077
Tardigrades,7,8744,2255,0.2579,0.2441,0.6140,0.3433,0.2708,0.1606,0.0550,0.3021
Tardigrades,8,9745,2301,0.2361,0.2703,1.2678,0.3893,0.8785,0.1667,-0.1353,0.8013
Tardigrades,9,10388,2119,0.2040,0.2986,0.7898,0.4068,0.3830,0.1764,-0.3810,0.1656
Tardigrades,10,10315,1760,0.1706,0.3230,0.7242,0.3722,0.3519,0.1927,-0.6382,-0.0122
Tardigrades,11,7840,1202,0.1533,0.3446,0.7999,0.3932,0.4067,0.2469,-0.8098,-0.0554
Tardigrades,12,3674,547,0.1489,0.3589,0.4595,0.4260,0.0336,0.3589,-0.8798,-0.4685
Technology Demonstration,1,17785,6941,0.3903,0.2844,-0.2889,0.2944,-0.5833,0.0907,0.3166,-0.4027
Technology Demonstration,2,17586,7309,0.4156,0.2194,-0.1417,0.2283,-0.3700,0.0922,0.6386,-0.0056
Technology Demonstration,3,17023,7116,0.4180,0.2123,0.2895,0.2606,0.0289,0.0956,0.6778,0.4157
Technology Demonstration,4,17057,7590,0.4450,0.2136,0.4547,0.2770,0.1777,0.0911,0.7341,0.5966
Technology Demonstration,5,16858,8088,0.4798,0.2196,0.4216,0.2811,0.1405,0.0895,0.7816,0.5865
Technology Demonstration,6,16313,8382,0.5138,0.2281,0.5589,0.3350,0.2239,0.0870,0.8122,0.6874
Technology Demonstration,7,15753,9240,0.5866,0.2441,0.6513,0.3433,0.3081,0.0820,0.8767,0.8084
Technology Demonstration,8,14474,9875,0.6823,0.2703,0.6153,0.3893,0.2260,0.0800,0.9257,0.7543
Technology Demonstration,9,12237,9460,0.7731,0.2986,0.6123,0.4068,0.2054,0.0833,0.9514,0.7484
Technology Demonstration,10,9636,8212,0.8522,0.3230,0.4600,0.3722,0.0878,0.0904,0.9702,0.6415
Technology Demonstration,11,5933,5311,0.8952,0.3446,0.4774,0.3932,0.0842,0.1138,0.9547,0.6291
Technology Demonstration,12,2467,2267,0.9189,0.3589,0.4889,0.4260,0.0629,0.1824,0.9402,0.5995
Tectonic Stress Power,1,8000,672,0.0840,0.2844,0.8324,0.2944,0.5380,0.2908,-1.2194,-0.1580
Tectonic Stress Power,2,11324,1428,0.1261,0.2194,0.4102,0.2283,0.1819,0.2100,-0.5540,-0.1343
Tectonic Stress Power,3,13999,2408,0.1720,0.2123,0.0677,0.2606,-0.1929,0.1675,-0.2102,-0.3128
Tectonic Stress Power,4,15876,3107,0.1957,0.2136,-0.0959,0.2770,-0.3730,0.1373,-0.0873,-0.4228
Tectonic Stress Power,5,17132,3558,0.2077,0.2196,-0.2665,0.2811,-0.5476,0.1313,-0.0557,-0.5794
Tectonic Stress Power,6,18080,3786,0.2094,0.2281,-0.3509,0.3350,-0.6859,0.1208,-0.0855,-0.7347
Tectonic Stress Power,7,18705,3639,0.1945,0.2441,-0.4850,0.3433,-0.8282,0.1229,-0.2269,-0.9577
Tectonic Stress Power,8,19279,3521,0.1826,0.2703,-0.2678,0.3893,-0.6571,0.1269,-0.3922,-0.8810
Tectonic Stress Power,9,19334,3234,0.1673,0.2986,-0.2510,0.4068,-0.6578,0.1326,-0.5794,-0.9885
Tectonic Stress Power,10,17810,2803,0.1574,0.3230,-0.0233,0.3722,-0.3956,0.1481,-0.7189,-0.8058
Tectonic Stress Power,11,12827,1967,0.1533,0.3446,0.1136,0.3932,-0.2796,0.1822,-0.8095,-0.7416
Tectonic Stress Power,12,5834,995,0.1706,0.3589,0.7070,0.4260,0.2811,0.2768,-0.7439,-0.1435
Terraforming Ganymede,1,14412,19,0.0013,0.2844,0.4045,0.2944,0.1101,1.2832,-5.3739,-2.9567
Terraforming Ganymede,2,19434,17,0.0009,0.2194,-0.7747,0.2283,-1.0031,1.7330,-5.5249,-4.1561
Terraforming Ganymede,3,24437,31,0.0013,0.2123,-0.7891,0.2606,-1.0497,0.9836,-5.1199,-3.9716
Terraforming Ganymede,4,29611,91,0.0031,0.2136,0.0607,0.2770,-0.2163,0.7183,-4.2412,-2.6367
Terraforming Ganymede,5,35020,116,0.0033,0.2196,-1.3924,0.2811,-1.6735,0.6760,-4.1940,-4.0670
Terraforming Ganymede,6,40577,257,0.0063,0.2281,0.3048,0.3350,-0.0302,0.4720,-3.5838,-2.0755
Terraforming Ganymede,7,46054,465,0.0101,0.2441,0.0289,0.3433,-0.3143,0.3940,-3.1853,-2.1322
Terraforming Ganymede,8,51044,680,0.0133,0.2703,-0.2050,0.3893,-0.5943,0.2910,-3.0103,-2.3122
Terraforming Ganymede,9,54368,1697,0.0312,0.2986,0.0801,0.4068,-0.3267,0.2060,-2.2582,-1.6154
Terraforming Ganymede,10,52734,6430,0.1219,0.3230,0.0422,0.3722,-0.3300,0.1059,-0.9742,-0.8860
Terraforming Ganymede,11,39446,11922,0.3022,0.3446,0.8317,0.3932,0.4385,0.0796,-0.1310,0.3637
Terraforming Ganymede,12,17863,8478,0.4746,0.3589,0.9455,0.4260,0.5196,0.0959,0.2795,0.6791
Titanium Mine,1,17208,14463,0.8405,0.2844,0.5881,0.2944,0.2937,0.0670,1.0837,0.9122
Titanium Mine,2,9448,7630,0.8076,0.2194,0.2332,0.2283,0.0049,0.0889,1.3029,0.7484
Titanium Mine,3,8763,7090,0.8091,0.2123,0.0938,0.2606,-0.1668,0.0938,1.3381,0.5969
Titanium Mine,4,8355,6552,0.7842,0.2136,0.0183,0.2770,-0.2587,0.0948,1.3008,0.4836
Titanium Mine,5,8696,6645,0.7641,0.2196,-0.0506,0.2811,-0.3317,0.0937,1.2470,0.3800
Titanium Mine,6,8464,6170,0.7290,0.2281,0.1167,0.3350,-0.2183,0.0979,1.1619,0.4448
Titanium Mine,7,8676,5919,0.6822,0.2441,-0.0808,0.3433,-0.4240,0.1011,1.0278,0.1625
Titanium Mine,8,8601,5142,0.5978,0.2703,0.1426,0.3893,-0.2467,0.1026,0.7937,0.2062
Titanium Mine,9,8364,3989,0.4769,0.2986,-0.0026,0.4068,-0.4094,0.1195,0.4684,-0.1421
Titanium Mine,10,7719,2619,0.3393,0.3230,0.1365,0.3722,-0.2357,0.1463,0.0492,-0.2076
Titanium Mine,11,5677,1316,0.2318,0.3446,0.4148,0.3932,0.0216,0.2132,-0.3963,-0.2046
Titanium Mine,12,2677,451,0.1685,0.3589,0.7359,0.4260,0.3100,0.3633,-0.7562,-0.1216
Toll Station,1,6322,39,0.0062,0.2844,-0.4272,0.2944,-0.7216,1.2761,-3.8307,-2.9078
Toll Station,2,8659,238,0.0275,0.2194,-0.0480,0.2283,-0.2764,0.5010,-2.0774,-1.4619
Toll Station,3,11024,558,0.0506,0.2123,0.3079,0.2606,0.0473,0.3319,-1.4335,-0.7707
Toll Station,4,13487,1188,0.0881,0.2136,-0.3820,0.2770,-0.6590,0.2323,-0.8856,-1.1644
Toll Station,5,15703,1920,0.1223,0.2196,-0.2406,0.2811,-0.5217,0.1739,-0.5855,-0.8558
Toll Station,6,17596,2623,0.1491,0.2281,0.0937,0.3350,-0.2414,0.1539,-0.4253,-0.4841
Toll Station,7,19092,3442,0.1803,0.2441,0.0717,0.3433,-0.2716,0.1326,-0.3030,-0.4445
Toll Station,8,20088,4167,0.2074,0.2703,-0.2719,0.3893,-0.6612,0.1184,-0.2648,-0.8124
Toll Station,9,19741,4296,0.2176,0.2986,-0.4685,0.4068,-0.8753,0.1162,-0.3163,-1.0558
Toll Station,10,17463,3596,0.2059,0.3230,-0.1284,0.3722,-0.5006,0.1267,-0.4501,-0.7574
Toll Station,11,11753,2222,0.1891,0.3446,-0.0840,0.3932,-0.4772,0.1677,-0.6002,-0.8198
Toll Station,12,4958,841,0.1696,0.3589,0.0830,0.4260,-0.3429,0.2876,-0.7494,-0.7706
Towing a Comet,1,16799,3259,0.1940,0.2844,-0.3291,0.2944,-0.6235,0.1395,-0.3824,-0.8417
Towing a Comet,2,19977,3756,0.1880,0.2194,-0.4261,0.2283,-0.6544,0.1298,-0.1546,-0.7426
Towing a Comet,3,23015,4773,0.2074,0.2123,-0.3139,0.2606,-0.5745,0.1157,-0.0232,-0.5877
Towing a Comet,4,25036,5861,0.2341,0.2136,-0.1025,0.2770,-0.3796,0.1076,0.0919,-0.3271
Towing a Comet,5,26161,6989,0.2672,0.2196,0.1872,0.2811,-0.0939,0.0954,0.1961,0.0180
Towing a Comet,6,26419,7910,0.2994,0.2281,0.4371,0.3350,0.1021,0.0893,0.2721,0.2574
Towing a Comet,7,26073,9170,0.3517,0.2441,0.4604,0.3433,0.1171,0.0846,0.3652,0.3256
Towing a Comet,8,24374,10288,0.4221,0.2703,0.4755,0.3893,0.0861,0.0767,0.4456,0.3404
Towing a Comet,9,20561,9391,0.4567,0.2986,0.6201,0.4068,0.2133,0.0815,0.4251,0.4559
Towing a Comet,10,15461,6335,0.4097,0.3230,0.7073,0.3722,0.3350,0.0989,0.2379,0.4708
Towing a Comet,11,9801,2832,0.2890,0.3446,0.7566,0.3932,0.3634,0.1440,-0.1760,0.2629
Towing a Comet,12,4357,826,0.1896,0.3589,1.3018,0.4260,0.8758,0.2939,-0.6382,0.5116
Trans-Neptune Probe,1,15254,831,0.0545,0.2844,-0.1790,0.2944,-0.4733,0.2351,-1.6525,-1.4164
Trans-Neptune Probe,2,20310,1801,0.0887,0.2194,-0.0414,0.2283,-0.2697,0.1715,-0.9061,-0.7868
Trans-Neptune Probe,3,24638,3005,0.1220,0.2123,0.4733,0.2606,0.2127,0.1442,-0.5540,-0.1035
Trans-Neptune Probe,4,28070,4265,0.1519,0.2136,0.2536,0.2770,-0.0234,0.1197,-0.3404,-0.2176
Trans-Neptune Probe,5,30622,5265,0.1719,0.2196,0.3418,0.2811,0.0606,0.1072,-0.2446,-0.0790
Trans-Neptune Probe,6,32426,6131,0.1891,0.2281,0.3814,0.3350,0.0464,0.0983,-0.1876,-0.0607
Trans-Neptune Probe,7,33393,6695,0.2005,0.2441,0.1133,0.3433,-0.2299,0.0951,-0.1968,-0.3422
Trans-Neptune Probe,8,33762,8066,0.2389,0.2703,0.3161,0.3893,-0.0733,0.0891,-0.1236,-0.1438
Trans-Neptune Probe,9,32210,9966,0.3094,0.2986,0.2445,0.4068,-0.1623,0.0811,0.0357,-0.1419
Trans-Neptune Probe,10,26556,11344,0.4272,0.3230,0.1713,0.3722,-0.2009,0.0786,0.2796,-0.0413
Trans-Neptune Probe,11,16548,9675,0.5847,0.3446,0.1145,0.3932,-0.2787,0.0863,0.5288,0.0231
Trans-Neptune Probe,12,6241,4294,0.6880,0.3589,0.0758,0.4260,-0.3502,0.1343,0.6508,0.0213
Trees,1,13608,1064,0.0782,0.2844,0.7865,0.2944,0.4921,0.2662,-1.2911,-0.2447
Trees,2,17823,0,0.0000,0.2194,,0.2283,,,,
Trees,3,23237,0,0.0000,0.2123,,0.2606,,,,
Trees,4,29214,5,0.0002,0.2136,-0.6940,0.2770,-0.9710,3.7211,-7.1291,-5.0395
Trees,5,35626,99,0.0028,0.2196,3.1351,0.2811,2.8539,0.9729,-4.3697,0.3602
Trees,6,42252,762,0.0180,0.2281,1.8029,0.3350,1.4679,0.2973,-2.5374,0.0198
Trees,7,48568,3234,0.0666,0.2441,1.1796,0.3433,0.8363,0.1367,-1.2991,0.0950
Trees,8,52203,9125,0.1748,0.2703,0.9200,0.3893,0.5307,0.0859,-0.4360,0.2819
Trees,9,48842,15611,0.3196,0.2986,0.6323,0.4068,0.2255,0.0662,0.0681,0.2644
Trees,10,36650,16306,0.4449,0.3230,0.2687,0.3722,-0.1035,0.0640,0.3203,0.0793
Trees,11,20262,10396,0.5131,0.3446,0.0773,0.3932,-0.3159,0.0816,0.3982,-0.0887
Trees,12,7658,4188,0.5469,0.3589,0.0793,0.4260,-0.3467,0.1338,0.4212,-0.1063
Tropical Resort,1,3754,212,0.0565,0.2844,-1.5734,0.2944,-1.8678,0.4145,-1.6165,-2.7903
Tropical Resort,2,5227,264,0.0505,0.2194,-1.5049,0.2283,-1.7332,0.3769,-1.4690,-2.5715
Tropical Resort,3,6823,347,0.0509,0.2123,-1.0628,0.2606,-1.3234,0.3790,-1.4287,-2.1387
Tropical Resort,4,8778,471,0.0537,0.2136,-1.3531,0.2770,-1.6301,0.3126,-1.3813,-2.4184
Tropical Resort,5,11020,629,0.0571,0.2196,-1.2470,0.2811,-1.5281,0.2662,-1.3473,-2.2970
Tropical Resort,6,13622,863,0.0634,0.2281,-0.6902,0.3350,-1.0252,0.2577,-1.2810,-1.7562
Tropical Resort,7,16388,1203,0.0734,0.2441,-0.6456,0.3433,-0.9889,0.1982,-1.2015,-1.6746
Tropical Resort,8,19281,1714,0.0889,0.2703,-0.2285,0.3893,-0.6179,0.1916,-1.1122,-1.2526
Tropical Resort,9,21588,2867,0.1328,0.2986,0.0164,0.4068,-0.3904,0.1524,-0.8101,-0.8528
Tropical Resort,10,21324,4302,0.2017,0.3230,0.0536,0.3722,-0.3186,0.1251,-0.4706,-0.5872
Tropical Resort,11,15709,4392,0.2796,0.3446,0.3725,0.3932,-0.0207,0.1289,-0.2090,-0.1399
Tropical Resort,12,7037,2334,0.3317,0.3589,0.4291,0.4260,0.0032,0.1863,-0.0788,-0.0418
Tundra Farming,1,7386,215,0.0291,0.2844,-1.3684,0.2944,-1.6627,0.5035,-2.2792,-2.9635
Tundra Farming,2,9656,0,0.0000,0.2194,,0.2283,,,,
Tundra Farming,3,12503,0,0.0000,0.2123,,0.2606,,,,
Tundra Farming,4,15718,3,0.0002,0.2136,5.6236,0.2770,5.3466,0.4916,-7.0201,1.3403
Tundra Farming,5,19448,67,0.0034,0.2196,0.3033,0.2811,0.0221,0.9018,-4.1548,-2.3490
Tundra Farming,6,23702,363,0.0153,0.2281,1.1671,0.3350,0.8320,0.4300,-2.7009,-0.7093
Tundra Farming,7,28535,1472,0.0516,0.2441,0.4102,0.3433,0.0669,0.2174,-1.5543,-0.8201
Tundra Farming,8,32646,4201,0.1287,0.2703,0.5543,0.3893,0.1649,0.1268,-0.7423,-0.2587
Tundra Farming,9,33545,7957,0.2372,0.2986,0.4958,0.4068,0.0890,0.0930,-0.2301,-0.0423
Tundra Farming,10,28738,9747,0.3392,0.3230,0.2396,0.3722,-0.1326,0.0835,0.0489,-0.1047
Tundra Farming,11,18170,7483,0.4118,0.3446,0.0428,0.3932,-0.3504,0.0972,0.1784,-0.2487
Tundra Farming,12,7197,3347,0.4651,0.3589,0.1731,0.4260,-0.2529,0.1471,0.2592,-0.1050
Underground City,1,9563,2368,0.2476,0.2844,-1.0247,0.2944,-1.3191,0.1538,-0.1384,-1.3980
Underground City,2,11454,1791,0.1564,0.2194,-1.0800,0.2283,-1.3083,0.1853,-0.3389,-1.5017
Underground City,3,14050,2522,0.1795,0.2123,-1.1516,0.2606,-1.4122,0.1510,-0.1676,-1.5078
Underground City,4,16180,2974,0.1838,0.2136,-0.6597,0.2770,-0.9367,0.1337,-0.1500,-1.0223
Underground City,5,18095,3815,0.2108,0.2196,-0.7740,0.2811,-1.0552,0.1169,-0.0407,-1.0784
Underground City,6,19477,4384,0.2251,0.2281,-0.3450,0.3350,-0.6800,0.1116,-0.0132,-0.6875
Underground City,7,20588,5455,0.2650,0.2441,-0.2170,0.3433,-0.5603,0.1024,0.0820,-0.5134
Underground City,8,20729,6454,0.3114,0.2703,-0.0987,0.3893,-0.4880,0.0968,0.1413,-0.4074
Underground City,9,19509,6921,0.3548,0.2986,0.1364,0.4068,-0.2705,0.0951,0.1724,-0.1721
Underground City,10,16380,6263,0.3824,0.3230,0.0613,0.3722,-0.3110,0.1010,0.1687,-0.2147
Underground City,11,10711,4383,0.4092,0.3446,0.0591,0.3932,-0.3341,0.1249,0.1720,-0.2360
Underground City,12,4351,1819,0.4181,0.3589,0.2266,0.4260,-0.1993,0.1993,0.1527,-0.1122
Underground Detonations,1,3243,341,0.1051,0.2844,-1.4510,0.2944,-1.7453,0.3376,-0.9949,-2.3131
Underground Detonations,2,4073,275,0.0675,0.2194,-0.5037,0.2283,-0.7321,0.3721,-1.1787,-1.4048
Underground Detonations,3,5070,202,0.0398,0.2123,0.0306,0.2606,-0.2300,0.4681,-1.6728,-1.1847
Underground Detonations,4,6256,203,0.0324,0.2136,-1.0876,0.2770,-1.3646,0.4467,-1.8842,-2.4399
Underground Detonations,5,7668,242,0.0316,0.2196,-1.0725,0.2811,-1.3536,0.4263,-1.9398,-2.4606
Underground Detonations,6,9285,193,0.0208,0.2281,0.2884,0.3350,-0.0466,0.4728,-2.3954,-1.4136
Underground Detonations,7,11102,178,0.0160,0.2441,-0.2319,0.3433,-0.5752,0.4953,-2.7229,-2.1291
Underground Detonations,8,13023,98,0.0075,0.2703,-0.8776,0.3893,-1.2669,0.5810,-3.5814,-3.3108
Underground Detonations,9,14757,90,0.0061,0.2986,-1.1771,0.4068,-1.5839,0.5966,-3.8909,-3.8044
Underground Detonations,10,15111,112,0.0074,0.3230,-0.3425,0.3722,-0.7147,0.7249,-3.7745,-2.8688
Underground Detonations,11,12041,136,0.0113,0.3446,0.5041,0.3932,0.1109,0.6537,-3.4179,-1.8397
Underground Detonations,12,5912,73,0.0123,0.3589,2.4221,0.4260,1.9961,1.0302,-3.3695,0.0732
Urbanized Area,1,7017,124,0.0177,0.2844,0.3425,0.2944,0.0481,0.5864,-2.7783,-1.5374
Urbanized Area,2,10252,153,0.0149,0.2194,-0.1996,0.2283,-0.4279,0.5484,-2.6882,-1.9620
Urbanized Area,3,13707,346,0.0252,0.2123,-0.9042,0.2606,-1.1648,0.3391,-2.1292,-2.3799
Urbanized Area,4,17353,581,0.0335,0.2136,-0.2260,0.2770,-0.5030,0.3018,-1.8529,-1.5605
Urbanized Area,5,21179,1024,0.0483,0.2196,-0.2149,0.2811,-0.4960,0.2289,-1.5132,-1.3596
Urbanized Area,6,25088,1588,0.0633,0.2281,0.1455,0.3350,-0.1896,0.1939,-1.2819,-0.9211
Urbanized Area,7,28987,2588,0.0893,0.2441,0.0374,0.3433,-0.3058,0.1517,-1.0058,-0.8798
Urbanized Area,8,32238,4150,0.1287,0.2703,0.1203,0.3893,-0.2691,0.1214,-0.7419,-0.6925
Urbanized Area,9,33310,6455,0.1938,0.2986,0.2359,0.4068,-0.1709,0.1003,-0.4322,-0.4176
Urbanized Area,10,29747,8766,0.2947,0.3230,0.2111,0.3722,-0.1611,0.0866,-0.0917,-0.2134
Urbanized Area,11,19207,8002,0.4166,0.3446,0.1369,0.3932,-0.2563,0.0954,0.1899,-0.1479
Urbanized Area,12,7360,3957,0.5376,0.3589,0.4109,0.4260,-0.0151,0.1388,0.4042,0.2156
Vesta Shipyard,1,16726,10222,0.6111,0.2844,-0.0077,0.2944,-0.3021,0.0782,0.7651,0.1345
Vesta Shipyard,2,12870,7480,0.5812,0.2194,-0.1398,0.2283,-0.3682,0.0895,0.9740,0.1877
Vesta Shipyard,3,11659,6797,0.5830,0.2123,-0.1376,0.2606,-0.3982,0.0944,1.0104,0.1785
Vesta Shipyard,4,11360,6476,0.5701,0.2136,-0.0972,0.2770,-0.3742,0.0970,0.9819,0.1861
Vesta Shipyard,5,11392,6263,0.5498,0.2196,-0.1741,0.2811,-0.4552,0.0987,0.9178,0.0685
Vesta Shipyard,6,11841,6405,0.5409,0.2281,-0.0103,0.3350,-0.3453,0.0957,0.8636,0.1475
Vesta Shipyard,7,12265,6437,0.5248,0.2441,0.0306,0.3433,-0.3126,0.0969,0.7655,0.1242
Vesta Shipyard,8,12502,6603,0.5282,0.2703,0.1634,0.3893,-0.2260,0.0976,0.6697,0.1563
Vesta Shipyard,9,12155,6388,0.5255,0.2986,0.0223,0.4068,-0.3846,0.0980,0.5654,-0.0619
Vesta Shipyard,10,10852,5606,0.5166,0.3230,0.3395,0.3722,-0.0327,0.1076,0.4696,0.2353
Vesta Shipyard,11,7254,3872,0.5338,0.3446,0.0852,0.3932,-0.3080,0.1322,0.4377,-0.0582
Vesta Shipyard,12,3049,1730,0.5674,0.3589,0.5054,0.4260,0.0794,0.2056,0.4581,0.3408
Viral Enhancers,1,16872,3230,0.1914,0.2844,-0.3906,0.2944,-0.6850,0.1288,-0.3957,-0.9108
Viral Enhancers,2,20494,4432,0.2163,0.2194,0.0081,0.2283,-0.2202,0.1147,-0.0146,-0.2286
Viral Enhancers,3,23157,6142,0.2652,0.2123,0.4399,0.2606,0.1793,0.0994,0.2228,0.3064
Viral Enhancers,4,24261,8138,0.3354,0.2136,0.4573,0.2770,0.1803,0.0883,0.4515,0.4379
Viral Enhancers,5,23670,9167,0.3873,0.2196,0.5438,0.2811,0.2627,0.0824,0.5674,0.5865
Viral Enhancers,6,22417,10113,0.4511,0.2281,0.6551,0.3350,0.3201,0.0776,0.6820,0.7093
Viral Enhancers,7,20146,10467,0.5196,0.2441,0.5529,0.3433,0.2096,0.0771,0.7554,0.6407
Viral Enhancers,8,17852,11164,0.6254,0.2703,0.7090,0.3893,0.3196,0.0772,0.8387,0.7983
Viral Enhancers,9,14394,10220,0.7100,0.2986,0.5277,0.4068,0.1209,0.0794,0.8663,0.6153
Viral Enhancers,10,10419,7817,0.7503,0.3230,0.3419,0.3722,-0.0303,0.0912,0.8428,0.4507
Viral Enhancers,11,6316,4720,0.7473,0.3446,0.3295,0.3932,-0.0637,0.1207,0.7742,0.3781
Viral Enhancers,12,2535,1916,0.7558,0.3589,0.5675,0.4260,0.1415,0.1992,0.7448,0.5666
Virus,1,13549,650,0.0480,0.2844,0.7730,0.2944,0.4786,0.3068,-1.7796,-0.5370
Virus,2,18880,1787,0.0947,0.2194,0.7323,0.2283,0.5040,0.1777,-0.8409,0.0240
Virus,3,23021,2775,0.1205,0.2123,0.5586,0.2606,0.2980,0.1509,-0.5658,-0.0248
Virus,4,26676,4136,0.1550,0.2136,0.4751,0.2770,0.1981,0.1244,-0.3202,0.0154
Virus,5,29099,5691,0.1956,0.2196,0.4070,0.2811,0.1258,0.1047,-0.1158,0.0598
Virus,6,30039,6944,0.2312,0.2281,0.4076,0.3350,0.0726,0.0957,0.0134,0.0802
Virus,7,30016,8081,0.2692,0.2441,0.3384,0.3433,-0.0049,0.0918,0.0980,0.0510
Virus,8,28662,9254,0.3229,0.2703,0.2727,0.3893,-0.1167,0.0845,0.1776,-0.0153
Virus,9,25397,9242,0.3639,0.2986,0.4617,0.4068,0.0549,0.0870,0.1979,0.1678
Virus,10,20372,8604,0.4223,0.3230,0.4531,0.3722,0.0809,0.0885,0.2682,0.2340
Virus,11,12897,6071,0.4707,0.3446,0.5025,0.3932,0.1093,0.1070,0.3120,0.2873
Virus,12,5257,2552,0.4854,0.3589,0.7409,0.4260,0.3150,0.1744,0.3021,0.4874
Water Import From Europa,1,13064,657,0.0503,0.2844,-1.8104,0.2944,-2.1048,0.2289,-1.7324,-3.0935
Water Import From Europa,2,17146,580,0.0338,0.2194,-0.8451,0.2283,-1.0735,0.3188,-1.8699,-2.1406
Water Import From Europa,3,21340,759,0.0356,0.2123,-0.7042,0.2606,-0.9648,0.2637,-1.7863,-1.9842
Water Import From Europa,4,25576,1046,0.0409,0.2136,-0.7706,0.2770,-1.0476,0.2246,-1.6528,-1.9909
Water Import From Europa,5,29712,1355,0.0456,0.2196,-0.4780,0.2811,-0.7591,0.2115,-1.5717,-1.6561
Water Import From Europa,6,33878,1792,0.0529,0.2281,-0.1332,0.3350,-0.4682,0.1788,-1.4614,-1.3022
Water Import From Europa,7,37603,2127,0.0566,0.2441,-0.0702,0.3433,-0.4135,0.1613,-1.4622,-1.2479
Water Import From Europa,8,40997,2692,0.0657,0.2703,0.2025,0.3893,-0.1868,0.1497,-1.4151,-0.9944
Water Import From Europa,9,42550,4109,0.0966,0.2986,0.3019,0.4068,-0.1050,0.1249,-1.1287,-0.7491
Water Import From Europa,10,39812,7259,0.1823,0.3230,0.2032,0.3722,-0.1690,0.0995,-0.5718,-0.4953
Water Import From Europa,11,28380,9603,0.3384,0.3446,0.5295,0.3932,0.1363,0.0878,-0.0181,0.1260
Water Import From Europa,12,12190,5693,0.4670,0.3589,0.9549,0.4260,0.5290,0.1188,0.2634,0.6793
Water Splitting Plant,1,4002,16,0.0040,0.2844,0.5506,0.2944,0.2562,1.4332,-4.2645,-2.1775
Water Splitting Plant,2,5578,493,0.0884,0.2194,0.4640,0.2283,0.2356,0.3541,-0.9094,-0.2834
Water Splitting Plant,3,6714,445,0.0663,0.2123,-0.2332,0.2606,-0.4938,0.3768,-1.1639,-1.1581
Water Splitting Plant,4,8203,636,0.0775,0.2136,0.3392,0.2770,0.0622,0.3293,-1.0132,-0.5160
Water Splitting Plant,5,9734,821,0.0843,0.2196,-0.2003,0.2811,-0.4814,0.2825,-0.9568,-1.0275
Water Splitting Plant,6,11386,1057,0.0928,0.2281,0.0254,0.3350,-0.3096,0.2488,-0.8989,-0.8226
Water Splitting Plant,7,12882,1132,0.0879,0.2441,-0.1825,0.3433,-0.5258,0.2410,-1.0217,-1.1088
Water Splitting Plant,8,14565,1191,0.0818,0.2703,0.0124,0.3893,-0.3769,0.2260,-1.1957,-1.0593
Water Splitting Plant,9,15735,1008,0.0641,0.2986,0.1963,0.4068,-0.2105,0.2439,-1.5392,-1.0889
Water Splitting Plant,10,15547,702,0.0452,0.3230,0.5767,0.3722,0.2045,0.2837,-1.9676,-0.9184
Water Splitting Plant,11,11958,260,0.0217,0.3446,1.1135,0.3932,0.7203,0.4645,-2.7630,-0.8565
Water Splitting Plant,12,5842,72,0.0123,0.3589,-0.4164,0.4260,-0.8423,0.9765,-3.3714,-2.7663
Wave Power,1,5605,265,0.0473,0.2844,-0.9436,0.2944,-1.2380,0.4098,-1.7942,-2.2619
Wave Power,2,8142,659,0.0809,0.2194,-0.2891,0.2283,-0.5174,0.3059,-0.9974,-1.0866
Wave Power,3,10598,1203,0.1135,0.2123,-0.6206,0.2606,-0.8812,0.2310,-0.6259,-1.2383
Wave Power,4,12810,1724,0.1346,0.2136,-0.2927,0.2770,-0.5697,0.1954,-0.4617,-0.8332
Wave Power,5,14866,2396,0.1612,0.2196,-0.4036,0.2811,-0.6847,0.1635,-0.3092,-0.8612
Wave Power,6,16475,2896,0.1758,0.2281,-0.4986,0.3350,-0.8336,0.1432,-0.2605,-0.9823
Wave Power,7,17845,3427,0.1920,0.2441,-0.4171,0.3433,-0.7604,0.1314,-0.2398,-0.8972
Wave Power,8,18745,3748,0.1999,0.2703,0.2064,0.3893,-0.1829,0.1256,-0.3016,-0.3550
Wave Power,9,18877,4141,0.2194,0.2986,0.1977,0.4068,-0.2091,0.1233,-0.3083,-0.3850
Wave Power,10,17195,4315,0.2509,0.3230,0.3458,0.3722,-0.0264,0.1230,-0.2524,-0.1704
Wave Power,11,12020,3471,0.2888,0.3446,0.5131,0.3932,0.1199,0.1510,-0.1766,0.0191
Wave Power,12,5230,1681,0.3214,0.3589,0.1095,0.4260,-0.3165,0.2037,-0.1103,-0.3794
Windmills,1,4341,8,0.0018,0.2844,-3.1055,0.2944,-3.3999,0.9603,-5.0389,-6.2756
Windmills,2,6343,0,0.0000,0.2194,,0.2283,,,,
Windmills,3,8715,5,0.0006,0.2123,-4.0636,0.2606,-4.3242,3.3291,-5.9134,-7.6989
Windmills,4,11438,58,0.0051,0.2136,0.6734,0.2770,0.3964,1.1623,-3.7404,-1.7382
Windmills,5,14725,344,0.0234,0.2196,0.1638,0.2811,-0.1174,0.4768,-2.2406,-1.3961
Windmills,6,18388,1133,0.0616,0.2281,0.4418,0.3350,0.1067,0.2400,-1.3088,-0.6402
Windmills,7,21967,2697,0.1228,0.2441,0.4036,0.3433,0.0604,0.1555,-0.6872,-0.3318
Windmills,8,24272,5182,0.2135,0.2703,0.3707,0.3893,-0.0186,0.1114,-0.2360,-0.1533
Windmills,9,23995,7848,0.3271,0.2986,0.2406,0.4068,-0.1662,0.0901,0.0912,-0.1142
Windmills,10,19590,8216,0.4194,0.3230,0.3746,0.3722,0.0024,0.0898,0.2612,0.1514
Windmills,11,12143,5760,0.4743,0.3446,0.3546,0.3932,-0.0386,0.1123,0.3197,0.1438
Windmills,12,4796,2416,0.5038,0.3589,-0.0699,0.4260,-0.4959,0.1720,0.3391,-0.3024
Worms,1,3591,7,0.0019,0.2844,1.2452,0.2944,0.9508,2.4845,-4.9828,-1.8928
Worms,2,5227,10,0.0019,0.2194,-0.3968,0.2283,-0.6252,1.6675,-4.7424,-3.3316
Worms,3,7073,49,0.0069,0.2123,0.4907,0.2606,0.2301,1.0383,-3.4222,-1.7229
Worms,4,9326,225,0.0241,0.2136,0.0020,0.2770,-0.2750,0.5421,-2.1806,-1.5195
Worms,5,11816,590,0.0499,0.2196,0.1407,0.2811,-0.1405,0.3268,-1.4810,-0.9857
Worms,6,14328,1271,0.0887,0.2281,0.4300,0.3350,0.0950,0.2290,-0.9444,-0.4440
Worms,7,16797,2366,0.1409,0.2441,0.4653,0.3433,0.1220,0.1618,-0.5498,-0.1917
Worms,8,18351,3469,0.1890,0.2703,0.6734,0.3893,0.2841,0.1334,-0.3577,0.0799
Worms,9,18631,4442,0.2384,0.2986,0.8762,0.4068,0.4694,0.1162,-0.2250,0.3410
Worms,10,16512,4081,0.2472,0.3230,0.4653,0.3722,0.0930,0.1223,-0.2676,-0.0597
Worms,11,11281,2749,0.2437,0.3446,0.2474,0.3932,-0.1458,0.1587,-0.3464,-0.3435
Worms,12,4857,1197,0.2464,0.3589,0.1741,0.4260,-0.2518,0.2440,-0.3758,-0.4663
Zeppelins,1,4058,0,0.0000,0.2844,,0.2944,,,,
Zeppelins,2,5901,0,0.0000,0.2194,,0.2283,,,,
Zeppelins,3,7947,4,0.0005,0.2123,1.4323,0.2606,1.1717,6.0655,-6.0443,-2.2777
Zeppelins,4,10345,18,0.0017,0.2136,-0.8421,0.2770,-1.1192,1.3166,-4.8100,-3.8642
Zeppelins,5,13003,76,0.0058,0.2196,2.5971,0.2811,2.3160,0.9582,-3.6262,0.2466
Zeppelins,6,16220,315,0.0194,0.2281,0.7920,0.3350,0.4569,0.4902,-2.4634,-0.9489
Zeppelins,7,19606,955,0.0487,0.2441,0.1138,0.3433,-0.2295,0.2634,-1.6117,-1.1493
Zeppelins,8,22566,2042,0.0905,0.2703,0.3992,0.3893,0.0098,0.1766,-1.0944,-0.6147
Zeppelins,9,24204,3674,0.1518,0.2986,0.2042,0.4068,-0.2027,0.1289,-0.6765,-0.5887
Zeppelins,10,22472,4618,0.2055,0.3230,0.1684,0.3722,-0.2038,0.1191,-0.4522,-0.4618
Zeppelins,11,15492,3876,0.2502,0.3446,-0.1367,0.3932,-0.5299,0.1286,-0.3200,-0.7125
Zeppelins,12,6222,1732,0.2784,0.3589,-0.0645,0.4260,-0.4904,0.1958,-0.2540,-0.6354
